chr,start,end,sample_1,sample_2,sample_3,sample_4,sample_5,sample_6,sample_7,sample_8,sample_9,sample_10,sample_11,sample_12,sample_13,sample_14,sample_15,sample_16,sample_17,sample_18,CNV_Group,CNV_Count
A01,1,1000000,0,gain,gain,miss,gain,0,0,gain,0,0,miss,0,gain,0,gain,0,0,0,dup/del,8
A01,1000001,2000000,0,gain,gain,miss,gain,0,0,gain,0,0,miss,0,gain,0,gain,0,0,0,dup/del,8
A01,2000001,3000000,0,gain,gain,miss,gain,0,0,gain,0,0,miss,0,gain,0,gain,0,0,0,dup/del,8
A01,3000001,4000000,0,gain,gain,miss,gain,0,0,gain,0,0,miss,0,gain,0,gain,0,0,0,dup/del,8
A01,4000001,5000000,0,gain,gain,miss,gain,0,0,gain,0,0,miss,0,gain,0,gain,0,0,0,dup/del,8
A01,5000001,6000000,0,gain,gain,miss,gain,0,0,gain,0,0,miss,0,gain,0,gain,0,0,0,dup/del,8
A01,6000001,7000000,0,gain,gain,miss,gain,0,0,gain,0,0,0,0,gain,0,gain,0,0,0,dup/del,7
A01,7000001,8000000,0,gain,gain,miss,gain,0,0,gain,0,0,0,0,gain,0,gain,0,0,0,dup/del,7
A01,8000001,9000000,0,gain,gain,miss,gain,0,0,gain,0,0,0,0,gain,0,gain,0,0,0,dup/del,7
A01,9000001,10000000,0,gain,gain,miss,gain,0,0,gain,0,0,0,0,gain,0,gain,gain,0,0,dup/del,8
A01,10000001,11000000,0,gain,gain,miss,gain,0,0,gain,0,0,0,0,gain,0,gain,gain,0,0,dup/del,8
A01,11000001,12000000,0,gain,gain,miss,gain,0,0,gain,0,0,0,0,gain,0,gain,gain,0,0,dup/del,8
A01,12000001,13000000,0,gain,gain,miss,gain,0,0,gain,0,0,0,0,gain,0,gain,gain,0,0,dup/del,8
A01,13000001,14000000,0,gain,gain,miss,gain,0,0,gain,0,0,0,0,gain,0,gain,gain,0,0,dup/del,8
A01,14000001,15000000,0,gain,gain,miss,gain,0,0,gain,0,0,0,0,gain,0,gain,gain,0,0,dup/del,8
A01,15000001,16000000,0,gain,gain,miss,gain,0,0,gain,0,0,0,0,gain,0,gain,gain,0,0,dup/del,8
A01,16000001,17000000,0,gain,gain,miss,gain,0,0,gain,0,0,0,0,gain,0,gain,gain,0,0,dup/del,8
A01,17000001,18000000,0,gain,gain,miss,gain,0,0,gain,0,0,0,0,gain,0,gain,gain,0,0,dup/del,8
A01,18000001,19000000,0,gain,gain,miss,gain,0,0,gain,0,0,0,0,gain,0,gain,gain,0,0,dup/del,8
A01,19000001,20000000,0,gain,gain,miss,gain,0,0,gain,0,0,0,0,gain,0,gain,gain,0,0,dup/del,8
A01,20000001,21000000,0,gain,gain,miss,gain,0,0,gain,0,0,0,0,gain,0,gain,gain,0,0,dup/del,8
A01,21000001,22000000,0,gain,gain,miss,gain,0,0,gain,0,0,0,0,gain,0,gain,gain,0,0,dup/del,8
A01,22000001,23000000,0,gain,gain,miss,gain,0,0,gain,0,0,0,0,gain,0,gain,gain,0,0,dup/del,8
A01,23000001,24000000,0,gain,gain,miss,gain,0,0,gain,0,0,0,0,gain,0,gain,gain,0,0,dup/del,8
A01,24000001,25000000,0,gain,gain,miss,gain,0,0,gain,0,0,0,0,gain,0,gain,gain,0,0,dup/del,8
A01,25000001,26000000,0,gain,gain,miss,gain,0,0,gain,0,0,0,0,gain,0,gain,gain,0,0,dup/del,8
A01,26000001,27000000,0,gain,gain,miss,gain,0,0,gain,0,0,0,0,gain,0,gain,gain,0,0,dup/del,8
A01,27000001,28000000,0,gain,gain,miss,gain,0,0,gain,0,0,0,0,gain,0,gain,gain,0,0,dup/del,8
A01,28000001,29000000,0,gain,gain,miss,gain,0,0,gain,miss,0,0,0,gain,0,gain,miss,0,0,dup/del,9
A01,29000001,30000000,0,gain,gain,miss,gain,0,0,gain,miss,0,0,0,0,0,gain,miss,0,0,dup/del,8
A01,30000001,31000000,0,gain,gain,miss,gain,0,0,gain,miss,0,0,0,0,0,gain,miss,0,0,dup/del,8
A01,31000001,32000000,0,gain,gain,miss,gain,0,0,gain,miss,0,0,0,0,0,gain,miss,0,0,dup/del,8
A01,32000001,32958928,0,gain,gain,miss,gain,0,0,gain,miss,0,0,0,0,0,gain,miss,0,0,dup/del,8
A02,1,1000000,miss,0,miss,0,0,0,0,0,miss,0,0,0,0,0,0,miss,0,0,deletion,4
A02,1000001,2000000,miss,0,miss,0,0,0,0,0,miss,0,0,0,0,0,0,miss,0,0,deletion,4
A02,2000001,3000000,miss,0,miss,0,0,0,0,0,miss,0,0,0,0,0,0,miss,0,gain,dup/del,5
A02,3000001,4000000,miss,0,miss,0,0,0,0,0,miss,0,0,0,0,0,0,0,0,gain,dup/del,4
A02,4000001,5000000,miss,0,miss,0,0,miss,0,0,miss,0,0,0,0,0,0,0,0,gain,dup/del,5
A02,5000001,6000000,miss,0,miss,0,0,miss,0,0,miss,0,0,0,0,0,0,0,gain,gain,dup/del,6
A02,6000001,7000000,miss,0,miss,0,0,miss,0,0,miss,0,0,0,0,0,0,0,gain,gain,dup/del,6
A02,7000001,8000000,miss,0,miss,0,0,miss,0,0,miss,0,0,0,0,0,0,0,gain,gain,dup/del,6
A02,8000001,9000000,miss,0,miss,0,0,miss,0,0,miss,0,0,0,0,0,0,0,gain,gain,dup/del,6
A02,9000001,10000000,miss,0,miss,0,0,miss,0,0,miss,0,0,0,0,0,0,0,gain,gain,dup/del,6
A02,10000001,11000000,miss,0,miss,0,0,miss,0,0,miss,0,0,0,0,0,0,0,gain,gain,dup/del,6
A02,11000001,12000000,miss,0,miss,0,0,miss,0,0,miss,0,0,0,0,0,0,0,gain,gain,dup/del,6
A02,12000001,13000000,0,0,miss,0,0,miss,0,0,miss,0,0,0,0,0,0,0,gain,gain,dup/del,5
A02,13000001,14000000,0,0,miss,0,0,miss,0,0,0,0,0,0,0,0,0,0,gain,gain,dup/del,4
A02,14000001,15000000,0,0,miss,0,0,miss,0,0,0,0,0,0,0,0,0,gain,gain,gain,dup/del,5
A02,15000001,16000000,0,0,miss,0,0,miss,0,0,0,0,0,0,0,0,0,gain,gain,gain,dup/del,5
A02,16000001,17000000,0,0,miss,0,0,miss,0,0,0,0,0,0,0,0,0,gain,gain,gain,dup/del,5
A02,17000001,18000000,0,0,miss,0,0,miss,0,0,0,0,0,0,0,0,0,gain,gain,gain,dup/del,5
A02,18000001,19000000,0,0,miss,0,0,miss,0,0,0,0,0,0,0,0,0,gain,gain,gain,dup/del,5
A02,19000001,20000000,0,0,miss,0,0,miss,0,0,0,0,0,0,0,0,0,gain,gain,gain,dup/del,5
A02,20000001,21000000,0,0,miss,0,0,miss,0,0,0,0,0,0,0,0,0,gain,gain,gain,dup/del,5
A02,21000001,22000000,0,0,miss,0,0,miss,0,0,0,0,0,0,0,0,0,gain,gain,gain,dup/del,5
A02,22000001,23000000,0,0,miss,0,0,miss,0,0,0,0,0,0,0,0,0,gain,gain,gain,dup/del,5
A02,23000001,24000000,0,0,miss,0,0,miss,0,0,0,0,0,0,0,0,0,gain,gain,gain,dup/del,5
A02,24000001,25000000,0,0,miss,0,0,miss,0,0,0,0,0,0,0,0,0,gain,gain,gain,dup/del,5
A02,25000001,26000000,0,0,miss,0,0,miss,0,0,0,0,0,0,0,0,0,gain,gain,gain,dup/del,5
A02,26000001,27000000,0,0,miss,0,0,miss,0,0,0,0,0,0,0,0,0,gain,gain,gain,dup/del,5
A02,27000001,28000000,0,0,miss,0,0,miss,0,0,0,0,0,0,0,0,0,gain,gain,gain,dup/del,5
A02,28000001,29000000,0,0,miss,0,0,miss,0,0,0,0,0,0,0,0,0,gain,gain,gain,dup/del,5
A02,29000001,30000000,0,0,miss,0,0,miss,0,0,0,0,0,0,0,0,0,gain,gain,gain,dup/del,5
A02,30000001,31000000,0,0,miss,0,0,miss,0,0,0,0,0,0,0,0,0,gain,gain,gain,dup/del,5
A02,31000001,32000000,0,0,miss,0,0,gain,0,0,0,0,0,0,0,0,0,0,gain,gain,dup/del,4
A02,32000001,33000000,0,0,miss,0,0,gain,0,0,0,0,0,0,0,0,0,0,gain,gain,dup/del,4
A02,33000001,33432960,0,0,miss,0,0,0,0,0,0,0,0,0,0,0,0,0,0,gain,dup/del,2
A03,1,1000000,0,0,0,0,miss,0,0,miss,0,gain,0,gain,0,0,0,0,0,gain,dup/del,5
A03,1000001,2000000,miss,0,0,0,miss,0,0,miss,0,gain,0,gain,0,0,0,0,0,gain,dup/del,6
A03,2000001,3000000,miss,0,0,0,miss,0,0,0,0,gain,0,gain,0,0,0,0,0,gain,dup/del,5
A03,3000001,4000000,miss,0,0,0,0,0,0,0,0,0,0,gain,0,0,0,0,0,gain,dup/del,3
A03,4000001,5000000,miss,0,0,0,0,0,0,0,0,0,0,gain,0,0,0,0,0,gain,dup/del,3
A03,5000001,6000000,miss,0,0,0,0,0,0,0,0,0,0,gain,0,0,0,0,0,gain,dup/del,3
A03,6000001,7000000,miss,0,0,0,gain,0,0,0,0,0,0,0,0,0,0,0,0,gain,dup/del,3
A03,7000001,8000000,miss,0,0,0,gain,0,0,0,0,0,0,0,0,0,0,0,0,gain,dup/del,3
A03,8000001,9000000,miss,0,0,0,gain,0,0,0,0,0,0,0,0,0,0,0,0,gain,dup/del,3
A03,9000001,10000000,miss,0,0,0,gain,0,0,0,0,0,0,0,0,0,0,0,0,0,dup/del,2
A03,10000001,11000000,miss,0,0,0,gain,0,0,0,0,0,0,0,0,0,0,0,0,0,dup/del,2
A03,11000001,12000000,miss,0,0,0,gain,0,0,0,0,0,0,0,0,0,0,0,0,0,dup/del,2
A03,12000001,13000000,miss,0,0,0,0,0,0,0,0,0,0,0,0,0,0,0,0,0,deletion,1
A03,13000001,14000000,miss,0,0,0,0,0,0,0,0,0,0,0,0,0,0,0,0,0,deletion,1
A03,14000001,15000000,miss,0,0,0,0,0,0,0,0,0,0,0,0,0,0,0,0,0,deletion,1
A03,15000001,16000000,miss,0,0,0,0,0,0,0,0,0,0,0,0,0,0,0,0,0,deletion,1
A03,16000001,17000000,miss,0,0,0,0,0,0,0,0,0,0,0,0,0,0,0,0,0,deletion,1
A03,17000001,18000000,miss,0,0,0,0,0,0,0,0,0,0,0,0,0,0,0,0,0,deletion,1
A03,18000001,19000000,miss,0,0,0,0,0,0,0,0,0,0,0,0,0,0,0,0,0,deletion,1
A03,19000001,20000000,miss,0,0,0,0,0,0,0,0,0,0,0,0,0,0,0,0,0,deletion,1
A03,20000001,21000000,miss,0,0,0,0,0,0,0,0,0,0,0,0,0,0,0,0,0,deletion,1
A03,21000001,22000000,miss,0,0,0,0,0,0,0,0,0,0,0,0,0,0,0,0,0,deletion,1
A03,22000001,23000000,miss,0,0,0,0,0,0,0,0,0,0,0,0,0,0,0,0,0,deletion,1
A03,23000001,24000000,miss,0,0,0,0,0,0,0,0,0,0,0,0,0,0,0,0,0,deletion,1
A03,24000001,25000000,miss,0,0,0,0,0,0,0,0,0,0,0,0,0,0,0,0,0,deletion,1
A03,25000001,26000000,miss,0,0,0,0,0,0,0,0,0,0,0,0,0,0,0,0,0,deletion,1
A03,26000001,27000000,miss,0,0,0,0,0,0,0,0,0,0,0,0,0,0,0,0,0,deletion,1
A03,27000001,28000000,miss,0,0,0,0,0,0,0,0,0,0,0,0,0,0,0,0,0,deletion,1
A03,28000001,29000000,miss,0,0,0,0,0,0,0,0,0,0,0,0,0,0,0,0,0,deletion,1
A03,29000001,30000000,miss,0,0,0,0,0,0,0,0,0,0,0,0,0,0,0,0,0,deletion,1
A03,30000001,31000000,miss,0,0,0,0,0,0,0,0,0,0,0,0,0,0,0,0,0,deletion,1
A03,31000001,32000000,miss,0,0,0,0,0,0,0,0,0,0,0,0,0,0,0,0,0,deletion,1
A03,32000001,33000000,miss,0,0,0,0,0,0,0,0,0,0,0,0,0,0,0,0,0,deletion,1
A03,33000001,34000000,miss,0,0,0,0,0,0,0,0,0,0,0,0,0,0,0,0,0,deletion,1
A03,34000001,35000000,miss,0,0,0,0,0,0,0,0,0,0,0,0,0,0,0,0,0,deletion,1
A03,35000001,36000000,miss,0,0,0,0,0,0,0,0,0,0,0,0,0,0,0,0,0,deletion,1
A03,36000001,37000000,miss,0,0,0,0,0,0,0,0,0,0,0,0,0,0,0,0,0,deletion,1
A03,37000001,38000000,miss,0,0,miss,0,0,0,0,0,0,0,0,0,0,0,0,0,0,deletion,2
A03,38000001,39000000,miss,0,0,miss,0,0,0,0,0,0,0,0,0,0,0,0,0,0,deletion,2
A03,39000001,39685748,miss,0,0,miss,0,0,0,0,0,0,0,0,0,0,0,0,0,0,deletion,2
A04,1,1000000,0,0,0,miss,0,0,0,0,0,0,0,0,0,0,0,0,0,0,deletion,1
A04,1000001,2000000,0,0,0,miss,0,0,0,0,0,0,0,0,0,0,0,0,0,0,deletion,1
A04,2000001,3000000,0,0,0,miss,0,0,0,0,0,0,0,0,0,0,0,0,0,0,deletion,1
A04,3000001,4000000,0,0,0,miss,0,0,0,0,0,0,0,0,0,0,0,0,0,0,deletion,1
A04,4000001,5000000,0,0,0,miss,0,0,0,0,0,0,0,0,0,0,0,0,0,0,deletion,1
A04,5000001,6000000,0,0,0,miss,0,0,0,0,0,0,gain,0,0,0,0,0,0,0,dup/del,2
A04,6000001,7000000,0,0,0,miss,0,0,0,0,0,0,gain,0,0,0,0,0,0,0,dup/del,2
A04,7000001,8000000,0,0,0,miss,0,0,0,0,0,0,0,0,0,0,0,0,0,0,deletion,1
A04,8000001,9000000,0,0,0,miss,0,0,0,0,0,0,0,0,0,0,0,0,0,0,deletion,1
A04,9000001,10000000,0,0,0,miss,0,0,0,0,0,0,0,0,0,0,0,0,0,0,deletion,1
A04,10000001,11000000,0,0,0,miss,0,0,0,0,0,0,0,0,0,0,0,0,0,0,deletion,1
A04,11000001,12000000,0,0,0,miss,0,0,0,0,0,0,0,0,0,0,0,0,0,0,deletion,1
A04,12000001,13000000,0,0,0,miss,0,0,0,0,0,0,0,0,0,0,0,0,0,0,deletion,1
A04,13000001,14000000,0,0,0,miss,0,0,0,0,0,0,0,0,0,0,0,0,0,0,deletion,1
A04,14000001,15000000,0,0,0,miss,0,0,0,0,0,0,0,0,0,0,0,0,0,0,deletion,1
A04,15000001,16000000,0,0,0,0,0,0,0,0,0,0,0,0,0,0,0,0,0,0,no CNV,0
A04,16000001,17000000,0,0,0,0,0,0,0,0,0,0,0,0,0,0,0,0,0,0,no CNV,0
A04,17000001,18000000,0,0,0,0,0,0,0,0,0,0,0,0,0,0,0,0,0,0,no CNV,0
A04,18000001,19000000,0,0,0,0,0,0,0,0,0,0,0,0,0,0,0,0,0,0,no CNV,0
A04,19000001,20000000,0,0,0,0,0,0,0,0,0,0,0,0,0,0,0,0,0,0,no CNV,0
A04,20000001,21000000,0,0,0,0,0,0,0,0,0,0,0,0,0,0,0,0,0,0,no CNV,0
A04,21000001,22000000,0,0,0,0,0,0,0,0,0,0,0,0,0,0,0,0,0,0,no CNV,0
A04,22000001,23000000,0,0,0,0,0,0,0,0,0,0,0,0,gain,0,0,0,0,0,duplication,1
A04,23000001,23101715,0,0,0,0,0,0,0,0,0,0,0,0,gain,0,0,0,0,0,duplication,1
A05,1,1000000,gain,0,0,0,0,gain,miss,dup,0,0,0,0,0,gain,0,0,gain,gain,dup/del,7
A05,1000001,2000000,gain,0,0,0,0,gain,miss,dup,0,0,0,0,0,gain,0,0,gain,gain,dup/del,7
A05,2000001,3000000,0,0,0,0,0,gain,miss,dup,0,0,0,0,0,gain,0,0,0,gain,dup/del,5
A05,3000001,4000000,0,0,0,0,0,0,miss,dup,0,0,0,0,0,gain,0,0,0,0,dup/del,3
A05,4000001,5000000,0,0,0,0,0,0,miss,dup,0,0,0,0,0,0,0,0,0,0,dup/del,2
A05,5000001,6000000,0,0,0,0,0,0,0,dup,0,0,0,0,0,0,0,0,0,0,duplication,1
A05,6000001,7000000,0,0,0,0,0,0,0,dup,0,0,0,0,0,0,0,0,0,0,duplication,1
A05,7000001,8000000,0,0,0,0,0,0,0,dup,0,0,0,0,0,0,0,0,0,0,duplication,1
A05,8000001,9000000,0,0,0,0,0,0,0,dup,0,0,0,0,0,0,0,0,0,0,duplication,1
A05,9000001,10000000,0,0,0,0,0,0,0,dup,0,0,0,0,0,0,0,0,0,0,duplication,1
A05,10000001,11000000,0,0,0,0,0,0,0,dup,0,0,0,0,0,0,0,0,0,0,duplication,1
A05,11000001,12000000,0,0,0,0,0,0,0,dup,0,0,0,0,0,0,0,0,0,0,duplication,1
A05,12000001,13000000,miss,miss,miss,miss,miss,miss,miss,dup,miss,miss,miss,miss,0,miss,miss,miss,miss,miss,dup/del,17
A05,13000001,14000000,miss,miss,miss,miss,miss,miss,miss,dup,miss,miss,miss,miss,0,miss,miss,miss,miss,miss,dup/del,17
A05,14000001,15000000,miss,miss,miss,0,0,miss,miss,dup,miss,miss,0,miss,0,miss,miss,0,miss,0,dup/del,12
A05,15000001,16000000,miss,miss,miss,0,0,miss,miss,dup,miss,miss,0,miss,0,miss,miss,0,miss,0,dup/del,12
A05,16000001,17000000,miss,miss,miss,0,0,0,0,dup,miss,miss,0,0,0,miss,0,0,0,0,dup/del,7
A05,17000001,18000000,miss,miss,0,0,0,0,0,dup,0,0,0,0,0,0,0,0,0,0,dup/del,3
A05,18000001,19000000,0,0,0,0,0,0,0,dup,0,0,0,0,0,0,0,0,0,0,duplication,1
A05,19000001,20000000,0,0,0,0,0,0,0,dup,0,gain,gain,0,gain,0,0,0,0,0,duplication,4
A05,20000001,21000000,0,0,0,0,0,0,0,dup,0,gain,gain,0,gain,0,0,0,0,0,duplication,4
A05,21000001,22000000,0,0,0,0,0,0,0,dup,0,gain,gain,0,gain,0,0,0,0,0,duplication,4
A05,22000001,23000000,0,0,0,0,0,0,0,dup,0,0,gain,0,gain,0,0,0,0,0,duplication,3
A05,23000001,24000000,0,0,0,0,0,0,0,dup,0,0,gain,0,gain,0,0,0,0,0,duplication,3
A05,24000001,25000000,0,0,0,0,0,0,0,dup,0,0,0,0,gain,0,0,0,0,0,duplication,2
A05,25000001,26000000,0,0,0,0,0,0,0,dup,0,0,0,0,gain,0,0,0,0,0,duplication,2
A05,26000001,27000000,0,0,0,0,0,0,0,dup,0,0,0,0,gain,0,0,0,0,0,duplication,2
A05,27000001,28000000,0,0,0,0,0,0,0,dup,0,0,0,0,0,0,0,0,0,0,duplication,1
A05,28000001,29000000,0,0,0,0,0,0,0,dup,0,0,0,0,0,0,0,0,0,0,duplication,1
A05,29000001,30000000,0,0,0,0,0,0,0,dup,0,0,0,0,0,0,0,0,0,0,duplication,1
A05,30000001,31000000,0,0,0,0,0,0,0,dup,0,0,0,0,0,0,0,0,0,0,duplication,1
A05,31000001,32000000,0,0,0,0,0,0,0,dup,0,0,0,0,0,0,0,0,0,0,duplication,1
A05,32000001,33000000,miss,0,0,0,0,0,0,dup,0,0,0,0,0,0,0,0,0,0,dup/del,2
A05,33000001,34000000,miss,0,0,0,0,0,0,dup,0,0,0,miss,0,0,0,0,0,0,dup/del,3
A05,34000001,35000000,miss,0,0,0,0,0,0,dup,0,0,0,miss,0,0,0,0,0,0,dup/del,3
A05,35000001,36000000,miss,gain,0,0,0,miss,0,dup,0,gain,0,miss,gain,0,0,gain,0,0,dup/del,8
A05,36000001,37000000,miss,gain,0,0,miss,miss,0,dup,0,gain,gain,dup,gain,0,0,gain,0,0,dup/del,10
A05,37000001,38000000,miss,gain,0,0,miss,miss,0,dup,dup,gain,gain,dup,gain,0,0,gain,gain,0,dup/del,12
A05,38000001,39000000,0,gain,gain,0,gain,miss,0,dup,dup,gain,gain,dup,gain,gain,gain,gain,gain,gain,dup/del,15
A05,39000001,40000000,0,gain,gain,0,gain,miss,0,dup,dup,gain,gain,dup,gain,gain,gain,gain,gain,gain,dup/del,15
A05,40000001,41000000,0,gain,gain,0,gain,miss,0,dup,dup,gain,gain,dup,gain,gain,gain,gain,gain,gain,dup/del,15
A05,41000001,42000000,0,gain,gain,0,gain,miss,0,dup,dup,gain,gain,dup,gain,gain,gain,gain,gain,gain,dup/del,15
A05,42000001,42112164,0,gain,0,0,0,0,0,dup,0,0,0,0,0,0,0,gain,0,0,duplication,3
A06,1,1000000,0,0,0,0,0,0,0,0,0,0,0,0,0,0,0,gain,0,0,duplication,1
A06,1000001,2000000,0,0,0,0,0,0,0,0,0,0,0,0,0,0,0,gain,0,0,duplication,1
A06,2000001,3000000,0,0,0,0,0,0,0,0,0,0,0,0,0,0,0,gain,0,0,duplication,1
A06,3000001,4000000,0,0,0,0,0,0,0,0,0,0,0,0,0,0,0,gain,0,0,duplication,1
A06,4000001,5000000,0,0,0,0,0,0,0,0,0,0,0,0,0,0,0,gain,0,0,duplication,1
A06,5000001,6000000,0,0,0,0,0,0,0,0,0,0,0,0,0,0,0,gain,0,0,duplication,1
A06,6000001,7000000,0,0,0,0,0,0,0,0,0,0,0,0,0,0,0,0,0,0,no CNV,0
A06,7000001,8000000,0,0,0,0,0,0,0,0,0,0,0,0,0,0,0,0,0,0,no CNV,0
A06,8000001,9000000,0,0,0,0,0,0,0,0,0,0,0,0,0,0,0,0,0,0,no CNV,0
A06,9000001,10000000,0,0,0,0,0,0,0,0,0,0,0,0,0,0,0,0,0,0,no CNV,0
A06,10000001,11000000,0,0,0,0,0,0,0,0,0,0,0,0,0,0,0,0,0,0,no CNV,0
A06,11000001,12000000,0,0,0,0,0,0,0,0,0,0,0,0,0,0,0,0,0,0,no CNV,0
A06,12000001,13000000,0,0,0,0,0,0,0,0,0,0,gain,0,0,0,0,0,0,0,duplication,1
A06,13000001,14000000,gain,0,gain,0,gain,gain,gain,gain,0,0,gain,gain,gain,gain,0,gain,gain,0,duplication,12
A06,14000001,15000000,gain,0,gain,0,gain,gain,gain,gain,0,0,gain,gain,gain,gain,0,gain,gain,0,duplication,12
A06,15000001,16000000,gain,0,gain,0,0,0,gain,gain,0,0,gain,0,gain,0,0,gain,gain,0,duplication,8
A06,16000001,17000000,gain,0,0,0,0,0,0,0,0,0,0,0,0,0,0,gain,0,0,duplication,2
A06,17000001,18000000,gain,0,0,0,0,0,0,0,0,0,0,0,0,0,0,gain,0,0,duplication,2
A06,18000001,19000000,gain,0,0,0,0,0,0,0,0,dup,0,0,0,0,dup,gain,0,0,duplication,4
A06,19000001,20000000,gain,gain,0,0,0,gain,gain,0,0,dup,gain,0,0,0,dup,gain,0,0,duplication,8
A06,20000001,21000000,gain,gain,0,0,0,gain,gain,gain,0,dup,gain,0,0,0,dup,gain,0,gain,duplication,10
A06,21000001,22000000,gain,gain,0,0,0,gain,gain,gain,0,dup,gain,0,gain,0,dup,gain,0,gain,duplication,11
A06,22000001,23000000,gain,gain,gain,gain,gain,gain,gain,gain,gain,dup,gain,gain,gain,0,dup,gain,0,gain,duplication,16
A06,23000001,24000000,gain,gain,gain,gain,gain,gain,gain,gain,gain,dup,gain,gain,gain,0,dup,gain,0,gain,duplication,16
A06,24000001,25000000,gain,gain,gain,gain,gain,gain,gain,gain,gain,dup,gain,gain,gain,0,dup,gain,0,gain,duplication,16
A06,25000001,26000000,gain,gain,gain,gain,gain,gain,gain,gain,gain,dup,gain,gain,gain,0,dup,gain,0,gain,duplication,16
A06,26000001,27000000,0,0,0,0,0,0,0,0,0,0,0,0,0,0,dup,gain,0,0,duplication,2
A06,27000001,28000000,0,0,0,0,0,0,0,0,0,0,0,0,0,0,dup,gain,0,0,duplication,2
A06,28000001,29000000,0,0,0,0,0,0,0,0,0,0,0,0,0,0,0,0,0,0,no CNV,0
A06,29000001,30000000,0,0,0,0,0,0,0,0,0,0,0,0,0,0,0,0,0,0,no CNV,0
A06,30000001,31000000,0,0,0,0,0,0,0,0,0,0,0,0,0,0,0,0,0,0,no CNV,0
A06,31000001,32000000,0,0,0,0,0,0,0,0,0,0,0,0,0,0,0,0,0,0,no CNV,0
A06,32000001,33000000,0,0,0,0,0,0,0,0,0,0,0,0,0,0,0,0,0,0,no CNV,0
A06,33000001,34000000,0,0,0,0,0,0,0,0,0,0,0,0,0,0,0,0,0,0,no CNV,0
A06,34000001,35000000,0,0,0,0,0,0,0,0,0,0,0,0,0,0,0,0,0,0,no CNV,0
A06,35000001,36000000,0,0,0,0,0,0,0,0,0,0,0,0,0,0,0,0,0,0,no CNV,0
A06,36000001,37000000,0,0,0,0,0,0,0,0,0,0,0,0,0,0,0,0,0,0,no CNV,0
A06,37000001,38000000,0,0,0,0,0,0,0,0,0,0,0,0,0,0,0,0,0,0,no CNV,0
A06,38000001,39000000,0,0,0,0,0,0,0,0,0,0,0,0,0,0,0,0,0,0,no CNV,0
A06,39000001,40000000,0,0,0,0,0,0,0,0,0,0,0,0,0,0,0,0,0,0,no CNV,0
A06,40000001,41000000,0,0,0,0,0,0,0,0,0,0,0,0,0,0,0,0,0,0,no CNV,0
A06,41000001,42000000,0,0,0,0,0,0,0,0,0,0,0,0,0,0,0,0,0,0,no CNV,0
A06,42000001,43000000,0,0,0,0,0,0,0,0,0,0,0,0,0,0,0,0,0,0,no CNV,0
A06,43000001,44000000,0,0,0,0,0,0,0,0,0,0,0,0,0,0,0,0,0,0,no CNV,0
A06,44000001,45000000,0,0,0,0,0,0,0,0,0,0,0,0,0,0,0,0,0,0,no CNV,0
A06,45000001,45146386,0,0,0,0,0,0,0,0,0,0,0,0,0,0,0,0,0,0,no CNV,0
A07,1,1000000,0,0,0,0,0,0,0,0,0,del,0,0,0,0,0,0,0,0,deletion,1
A07,1000001,2000000,0,0,0,0,0,0,0,0,0,del,0,0,0,0,0,0,0,0,deletion,1
A07,2000001,3000000,0,0,0,0,0,0,0,0,0,del,0,0,0,0,0,0,0,0,deletion,1
A07,3000001,4000000,0,0,0,0,0,0,0,0,0,del,0,0,0,0,0,0,0,0,deletion,1
A07,4000001,5000000,0,0,0,0,0,0,0,0,0,del,0,0,0,0,0,0,0,0,deletion,1
A07,5000001,6000000,0,0,0,0,0,0,0,0,0,del,0,0,0,0,0,0,0,0,deletion,1
A07,6000001,7000000,0,0,0,0,0,0,0,0,0,del,0,0,0,0,0,0,0,0,deletion,1
A07,7000001,8000000,0,0,0,0,0,0,0,0,0,del,0,0,0,0,0,0,0,0,deletion,1
A07,8000001,9000000,0,0,0,0,0,0,0,0,0,del,0,0,0,0,0,0,0,0,deletion,1
A07,9000001,10000000,0,0,0,0,0,0,0,0,0,del,0,0,0,0,0,0,0,0,deletion,1
A07,10000001,11000000,0,0,0,0,0,0,0,0,0,del,0,0,0,0,0,0,0,0,deletion,1
A07,11000001,12000000,0,0,0,0,0,0,0,0,0,del,0,0,0,0,0,0,0,0,deletion,1
A07,12000001,13000000,0,0,0,0,0,0,0,0,0,del,0,0,0,0,0,0,0,0,deletion,1
A07,13000001,14000000,0,0,0,0,0,0,0,0,0,del,0,0,0,0,0,0,0,0,deletion,1
A07,14000001,15000000,0,0,0,0,0,0,0,0,0,del,0,0,0,0,0,0,0,0,deletion,1
A07,15000001,16000000,0,0,0,0,0,0,0,0,0,del,0,0,0,0,0,0,0,0,deletion,1
A07,16000001,17000000,0,0,0,0,0,0,0,0,0,del,0,0,0,0,0,0,0,0,deletion,1
A07,17000001,18000000,0,0,0,0,0,0,0,0,0,del,0,0,0,0,0,0,0,0,deletion,1
A07,18000001,19000000,0,0,0,0,0,0,0,0,0,del,0,0,0,0,0,0,0,0,deletion,1
A07,19000001,20000000,0,0,0,0,0,0,0,0,0,del,0,0,0,0,0,0,0,0,deletion,1
A07,20000001,21000000,0,0,0,0,0,0,0,0,0,del,0,miss,0,0,0,0,0,0,deletion,2
A07,21000001,22000000,0,0,0,0,0,0,0,0,0,del,0,miss,0,0,0,0,0,0,deletion,2
A07,22000001,23000000,0,0,0,0,0,0,0,0,0,del,0,miss,0,0,0,0,0,0,deletion,2
A07,23000001,24000000,0,0,0,0,0,0,0,0,0,del,0,miss,0,0,0,0,0,0,deletion,2
A07,24000001,25000000,0,0,0,0,0,0,0,0,0,del,0,miss,0,0,0,0,0,0,deletion,2
A07,25000001,26000000,0,0,0,0,0,0,0,0,0,del,0,0,0,0,0,0,0,0,deletion,1
A07,26000001,27000000,0,0,0,0,0,0,0,0,0,del,0,0,0,0,0,0,0,0,deletion,1
A07,27000001,28000000,0,0,0,0,0,0,miss,miss,0,del,miss,0,0,miss,0,miss,0,gain,dup/del,7
A07,28000001,29000000,0,gain,gain,0,0,0,miss,miss,0,del,miss,gain,0,miss,miss,miss,0,gain,dup/del,11
A07,29000001,29390523,0,gain,gain,0,0,0,miss,miss,0,del,0,gain,0,0,miss,miss,0,gain,dup/del,9
A08,1,1000000,0,0,0,0,0,0,0,0,0,miss,0,0,0,0,0,0,0,0,deletion,1
A08,1000001,2000000,0,0,0,0,0,0,0,0,0,miss,0,0,0,0,0,0,0,0,deletion,1
A08,2000001,3000000,0,0,0,0,0,0,0,0,0,miss,0,0,0,0,0,0,0,0,deletion,1
A08,3000001,4000000,0,0,0,0,0,0,0,0,0,miss,0,0,0,0,0,0,0,0,deletion,1
A08,4000001,5000000,0,0,0,0,0,0,0,0,0,miss,0,0,0,0,0,0,0,0,deletion,1
A08,5000001,6000000,dup,dup,dup,dup,dup,dup,dup,dup,dup,gain,dup,dup,dup,dup,dup,dup,dup,dup,duplication,18
A08,6000001,7000000,dup,dup,dup,dup,dup,dup,dup,dup,dup,gain,dup,dup,dup,dup,dup,dup,dup,dup,duplication,18
A08,7000001,8000000,dup,dup,dup,dup,dup,dup,dup,dup,dup,gain,dup,dup,dup,dup,dup,dup,dup,dup,duplication,18
A08,8000001,9000000,dup,dup,dup,dup,dup,dup,dup,dup,dup,gain,dup,dup,dup,dup,dup,dup,dup,dup,duplication,18
A08,9000001,10000000,dup,dup,dup,dup,dup,dup,dup,dup,dup,gain,dup,dup,dup,dup,dup,dup,dup,dup,duplication,18
A08,10000001,11000000,dup,dup,dup,dup,dup,dup,dup,dup,dup,gain,dup,dup,dup,dup,dup,dup,dup,dup,duplication,18
A08,11000001,12000000,dup,dup,dup,dup,dup,dup,dup,dup,dup,gain,dup,dup,dup,dup,dup,dup,dup,dup,duplication,18
A08,12000001,13000000,dup,dup,dup,dup,dup,dup,dup,dup,dup,gain,dup,dup,dup,dup,dup,dup,dup,dup,duplication,18
A08,13000001,14000000,dup,dup,dup,dup,dup,dup,dup,dup,dup,gain,dup,dup,dup,dup,dup,dup,dup,dup,duplication,18
A08,14000001,15000000,dup,dup,dup,dup,dup,dup,dup,dup,dup,gain,dup,dup,dup,dup,dup,dup,dup,dup,duplication,18
A08,15000001,16000000,0,0,0,0,0,0,0,0,0,miss,0,0,0,0,0,0,0,0,deletion,1
A08,16000001,17000000,0,0,0,0,0,0,0,0,0,miss,0,0,0,0,0,0,0,0,deletion,1
A08,17000001,18000000,0,0,0,0,0,0,0,0,0,miss,0,0,0,0,0,0,0,0,deletion,1
A08,18000001,19000000,0,0,0,0,0,0,0,0,0,miss,0,0,gain,0,0,0,0,0,dup/del,2
A08,19000001,20000000,0,0,0,0,0,0,0,0,0,miss,0,0,0,0,0,0,0,0,deletion,1
A08,20000001,21000000,0,0,0,0,0,0,0,0,0,miss,0,0,0,0,0,0,0,0,deletion,1
A08,21000001,22000000,0,0,0,0,0,0,0,0,0,miss,0,0,0,0,0,0,0,0,deletion,1
A08,22000001,23000000,0,0,0,0,0,0,0,0,0,miss,0,0,0,0,0,0,0,0,deletion,1
A08,23000001,24000000,0,0,0,0,0,0,0,0,0,miss,0,0,0,0,0,0,0,0,deletion,1
A08,24000001,25000000,0,0,0,0,0,0,0,0,0,miss,0,0,0,0,0,0,0,0,deletion,1
A08,25000001,26000000,0,0,0,0,0,0,0,0,0,miss,0,0,gain,0,0,0,0,0,dup/del,2
A08,26000001,26309499,0,0,0,0,0,0,0,0,0,miss,0,0,gain,0,0,0,0,0,dup/del,2
A09,1,1000000,0,0,0,gain,gain,0,0,0,0,0,0,0,gain,0,miss,0,0,0,dup/del,4
A09,1000001,2000000,0,0,0,gain,gain,0,0,0,0,0,0,0,gain,0,miss,0,0,0,dup/del,4
A09,2000001,3000000,0,0,0,gain,gain,0,0,0,0,0,0,0,gain,0,miss,0,0,0,dup/del,4
A09,3000001,4000000,0,0,0,0,gain,0,0,0,0,0,0,0,gain,0,miss,0,0,0,dup/del,3
A09,4000001,5000000,0,0,0,0,gain,0,0,0,0,0,0,0,gain,0,miss,0,0,0,dup/del,3
A09,5000001,6000000,0,0,0,0,gain,0,0,0,0,0,0,0,gain,0,miss,0,0,0,dup/del,3
A09,6000001,7000000,0,0,0,0,gain,0,0,0,0,0,0,0,gain,0,miss,0,0,0,dup/del,3
A09,7000001,8000000,0,0,0,0,gain,0,0,0,0,0,0,0,0,0,miss,0,0,0,dup/del,2
A09,8000001,9000000,0,0,0,0,0,0,0,0,0,0,0,0,0,0,miss,0,0,0,deletion,1
A09,9000001,10000000,0,0,0,0,0,0,0,0,0,0,0,0,0,0,miss,0,0,0,deletion,1
A09,10000001,11000000,0,0,0,0,0,0,0,0,0,0,0,0,0,0,miss,0,0,0,deletion,1
A09,11000001,12000000,0,0,0,0,0,0,0,0,0,0,0,0,0,0,0,0,0,0,no CNV,0
A09,12000001,13000000,0,0,0,0,0,0,0,0,0,0,0,0,0,0,0,0,0,0,no CNV,0
A09,13000001,14000000,0,0,0,0,0,0,0,0,0,0,0,0,0,0,0,0,0,0,no CNV,0
A09,14000001,15000000,0,0,0,0,0,0,0,0,0,0,0,0,0,0,0,0,0,0,no CNV,0
A09,15000001,16000000,0,0,0,0,0,0,0,0,0,0,0,0,0,0,0,0,0,0,no CNV,0
A09,16000001,17000000,0,0,0,0,0,0,0,0,0,0,0,0,0,0,0,0,0,0,no CNV,0
A09,17000001,18000000,0,0,0,0,0,0,0,0,0,0,0,0,0,0,0,0,0,0,no CNV,0
A09,18000001,19000000,0,0,0,0,0,0,0,0,0,0,0,0,0,0,0,0,0,0,no CNV,0
A09,19000001,20000000,0,0,0,0,0,0,0,0,0,0,0,0,0,0,0,0,0,0,no CNV,0
A09,20000001,21000000,0,0,0,0,0,0,0,0,0,0,0,0,0,0,0,0,0,0,no CNV,0
A09,21000001,22000000,0,0,0,0,0,0,0,0,0,0,0,0,0,0,0,0,0,0,no CNV,0
A09,22000001,23000000,0,0,0,0,0,0,0,0,0,0,0,0,0,miss,0,0,0,0,deletion,1
A09,23000001,24000000,0,0,0,0,0,0,0,0,0,0,0,0,0,miss,0,0,0,0,deletion,1
A09,24000001,25000000,0,0,0,0,0,0,0,0,0,0,0,0,0,miss,0,0,0,0,deletion,1
A09,25000001,26000000,0,0,0,0,0,0,0,0,0,0,0,0,0,miss,0,0,0,0,deletion,1
A09,26000001,27000000,0,0,0,0,0,0,0,0,0,0,0,0,0,miss,0,0,0,0,deletion,1
A09,27000001,28000000,0,0,0,0,0,0,0,0,0,0,0,0,0,miss,0,0,0,0,deletion,1
A09,28000001,29000000,0,0,0,0,0,0,0,0,0,0,0,0,0,miss,0,0,0,0,deletion,1
A09,29000001,30000000,0,0,0,0,0,0,0,0,0,0,0,0,0,miss,0,0,0,0,deletion,1
A09,30000001,31000000,0,0,0,0,0,0,0,0,0,0,0,0,0,miss,0,0,0,0,deletion,1
A09,31000001,32000000,0,0,0,0,0,0,0,0,0,0,0,0,0,miss,0,0,0,0,deletion,1
A09,32000001,33000000,0,0,0,0,0,0,0,0,0,0,0,0,0,0,0,0,0,0,no CNV,0
A09,33000001,34000000,0,0,0,0,0,0,0,0,0,0,0,0,0,0,0,0,0,0,no CNV,0
A09,34000001,35000000,0,0,0,0,0,0,0,0,0,0,0,0,0,0,0,0,0,0,no CNV,0
A09,35000001,36000000,0,0,0,0,0,0,0,0,0,0,0,0,0,0,0,0,0,0,no CNV,0
A09,36000001,37000000,0,0,0,0,0,0,0,0,0,0,0,0,0,0,0,0,0,0,no CNV,0
A09,37000001,38000000,0,0,0,0,0,0,0,0,0,0,0,0,0,0,0,0,0,0,no CNV,0
A09,38000001,39000000,0,0,0,0,0,0,0,0,0,0,0,0,0,0,0,0,0,0,no CNV,0
A09,39000001,40000000,0,0,0,0,0,0,0,0,0,0,0,0,0,0,0,0,0,0,no CNV,0
A09,40000001,41000000,0,0,0,0,0,0,0,0,0,0,0,0,0,0,0,0,0,0,no CNV,0
A09,41000001,42000000,0,gain,0,0,0,0,0,0,0,0,0,0,0,0,0,0,0,0,duplication,1
A09,42000001,43000000,0,gain,0,0,0,0,0,0,0,0,0,0,gain,0,0,0,0,0,duplication,2
A09,43000001,44000000,0,gain,0,0,0,0,0,0,0,0,0,0,gain,0,0,0,0,0,duplication,2
A09,44000001,45000000,0,0,0,0,0,0,0,0,0,0,0,0,gain,0,0,0,0,miss,dup/del,2
A09,45000001,46000000,0,0,0,0,0,0,0,0,0,0,0,0,0,0,0,0,0,miss,deletion,1
A09,46000001,47000000,0,gain,gain,gain,gain,dup,dup,0,gain,gain,gain,gain,dup,gain,0,dup,gain,miss,dup/del,15
A09,47000001,48000000,0,gain,gain,gain,gain,dup,dup,0,gain,gain,gain,gain,dup,gain,miss,dup,gain,dup,dup/del,16
A09,48000001,49000000,0,gain,gain,gain,gain,dup,dup,0,gain,gain,gain,gain,dup,gain,miss,dup,gain,dup,dup/del,16
A09,49000001,50000000,0,gain,gain,gain,gain,dup,dup,0,gain,gain,gain,gain,dup,gain,miss,dup,gain,dup,dup/del,16
A09,50000001,51000000,0,gain,gain,gain,gain,dup,dup,0,0,gain,gain,gain,dup,gain,miss,dup,gain,dup,dup/del,15
A09,51000001,52000000,0,gain,gain,gain,gain,dup,dup,0,0,gain,gain,gain,dup,gain,miss,dup,gain,dup,dup/del,15
A09,52000001,53000000,0,gain,gain,gain,gain,dup,dup,0,0,gain,gain,gain,dup,gain,miss,dup,gain,dup,dup/del,15
A09,53000001,53549826,0,gain,0,0,0,0,0,0,0,0,0,0,0,0,miss,0,0,0,dup/del,2
A10,1,1000000,0,0,0,0,0,0,0,0,0,0,0,0,0,0,0,0,0,0,no CNV,0
A10,1000001,2000000,0,0,0,0,0,0,0,0,0,0,0,0,0,0,0,0,0,0,no CNV,0
A10,2000001,3000000,0,0,0,0,0,0,0,0,0,0,0,0,0,0,0,0,0,0,no CNV,0
A10,3000001,4000000,0,0,0,0,0,0,0,0,0,0,0,0,0,0,0,0,0,0,no CNV,0
A10,4000001,5000000,0,0,0,0,0,0,0,0,0,0,0,0,0,0,0,0,0,0,no CNV,0
A10,5000001,6000000,0,0,0,0,0,0,0,0,0,0,0,0,0,0,0,0,0,0,no CNV,0
A10,6000001,7000000,0,0,0,0,0,0,0,0,0,0,0,0,0,0,0,0,0,0,no CNV,0
A10,7000001,8000000,0,0,0,0,0,0,0,0,0,0,0,0,0,0,0,0,0,0,no CNV,0
A10,8000001,9000000,0,0,0,0,0,0,0,0,0,0,0,0,0,0,0,0,0,0,no CNV,0
A10,9000001,10000000,0,0,0,0,0,0,0,0,0,0,0,0,0,0,0,0,0,0,no CNV,0
A10,10000001,11000000,0,0,0,0,0,0,0,0,0,0,0,0,0,0,0,0,0,0,no CNV,0
A10,11000001,12000000,0,0,0,0,0,0,0,0,0,0,0,0,0,0,0,0,0,0,no CNV,0
A10,12000001,13000000,0,0,0,0,0,0,0,0,0,0,0,0,0,0,0,gain,0,0,duplication,1
A10,13000001,14000000,0,0,0,0,0,0,0,0,0,0,0,0,0,0,0,gain,0,0,duplication,1
A10,14000001,15000000,0,0,0,0,0,0,0,0,0,0,0,0,0,0,0,gain,0,0,duplication,1
A10,15000001,16000000,0,0,0,0,0,0,0,0,0,0,0,0,0,0,0,gain,0,0,duplication,1
A10,16000001,17000000,0,0,0,0,0,0,0,0,0,0,0,0,0,0,0,gain,0,0,duplication,1
A10,17000001,18000000,0,0,0,miss,miss,miss,0,0,miss,miss,0,miss,miss,miss,0,gain,miss,0,dup/del,10
A10,18000001,19000000,0,0,0,miss,miss,miss,0,0,miss,miss,miss,miss,miss,miss,0,0,miss,0,deletion,10
A10,19000001,20000000,0,0,0,miss,miss,miss,0,0,miss,miss,miss,miss,miss,miss,0,0,miss,0,deletion,10
A10,20000001,20778245,0,0,0,miss,miss,miss,0,0,miss,0,0,0,miss,miss,0,0,miss,0,deletion,7
C01,1,1000000,0,gain,gain,gain,miss,0,0,miss,0,0,gain,0,miss,0,miss,0,miss,0,dup/del,9
C01,1000001,2000000,0,gain,gain,gain,miss,0,0,miss,0,0,gain,0,miss,0,miss,0,miss,0,dup/del,9
C01,2000001,3000000,0,gain,0,gain,miss,0,0,miss,0,0,gain,0,miss,0,miss,0,0,0,dup/del,7
C01,3000001,4000000,0,gain,miss,gain,miss,0,0,miss,0,0,gain,0,miss,0,miss,0,0,0,dup/del,8
C01,4000001,5000000,0,gain,miss,gain,miss,0,0,miss,0,0,gain,0,miss,0,miss,0,0,0,dup/del,8
C01,5000001,6000000,0,gain,miss,gain,miss,0,0,miss,0,0,gain,0,miss,0,miss,0,0,0,dup/del,8
C01,6000001,7000000,0,gain,miss,gain,miss,0,0,miss,0,0,gain,0,miss,0,miss,0,0,0,dup/del,8
C01,7000001,8000000,0,gain,miss,gain,miss,0,0,miss,0,0,miss,0,miss,0,miss,0,0,0,dup/del,8
C01,8000001,9000000,0,gain,miss,gain,miss,0,0,miss,0,0,miss,0,miss,0,miss,0,0,0,dup/del,8
C01,9000001,10000000,0,gain,miss,gain,miss,0,0,miss,0,0,miss,0,miss,0,miss,0,0,0,dup/del,8
C01,10000001,11000000,0,gain,miss,gain,miss,0,0,miss,0,0,miss,0,miss,0,miss,0,0,0,dup/del,8
C01,11000001,12000000,0,gain,miss,gain,miss,0,0,miss,0,0,miss,0,miss,0,miss,0,0,0,dup/del,8
C01,12000001,13000000,0,gain,miss,gain,miss,0,0,miss,0,0,miss,0,miss,0,miss,0,0,0,dup/del,8
C01,13000001,14000000,0,gain,miss,gain,miss,0,0,miss,0,0,miss,0,miss,0,miss,0,0,0,dup/del,8
C01,14000001,15000000,0,gain,miss,gain,miss,0,0,miss,0,0,miss,0,miss,0,miss,del,0,0,dup/del,9
C01,15000001,16000000,0,gain,miss,gain,miss,0,0,miss,0,0,miss,0,miss,0,miss,del,0,0,dup/del,9
C01,16000001,17000000,0,gain,miss,gain,miss,0,0,miss,0,0,miss,0,miss,0,miss,del,0,0,dup/del,9
C01,17000001,18000000,0,gain,miss,gain,miss,0,0,miss,0,0,miss,0,miss,0,miss,del,0,0,dup/del,9
C01,18000001,19000000,0,gain,miss,gain,miss,0,0,miss,0,0,miss,0,miss,0,miss,del,0,0,dup/del,9
C01,19000001,20000000,0,gain,miss,gain,miss,0,0,miss,0,0,miss,0,miss,0,miss,del,0,0,dup/del,9
C01,20000001,21000000,0,gain,miss,gain,miss,0,0,miss,0,0,miss,0,miss,0,miss,del,0,0,dup/del,9
C01,21000001,22000000,0,gain,miss,gain,miss,0,0,miss,0,0,miss,0,miss,0,miss,del,0,0,dup/del,9
C01,22000001,23000000,0,gain,miss,gain,miss,0,0,miss,0,0,miss,0,miss,0,miss,del,0,0,dup/del,9
C01,23000001,24000000,0,gain,miss,gain,miss,0,0,miss,0,0,miss,0,miss,0,miss,del,0,0,dup/del,9
C01,24000001,25000000,0,gain,miss,gain,miss,0,0,miss,0,0,miss,0,miss,0,miss,del,0,0,dup/del,9
C01,25000001,26000000,0,gain,miss,gain,miss,0,0,miss,0,0,miss,0,miss,0,miss,del,0,0,dup/del,9
C01,26000001,27000000,0,gain,miss,gain,miss,0,0,miss,0,0,miss,0,miss,0,miss,del,0,0,dup/del,9
C01,27000001,28000000,0,gain,miss,gain,miss,0,0,miss,0,0,miss,0,miss,0,miss,del,0,0,dup/del,9
C01,28000001,29000000,0,gain,miss,gain,miss,0,0,miss,0,0,miss,0,miss,0,miss,del,0,0,dup/del,9
C01,29000001,30000000,0,gain,miss,gain,miss,0,0,miss,0,0,miss,0,miss,0,miss,del,0,0,dup/del,9
C01,30000001,31000000,0,gain,miss,gain,miss,0,0,miss,0,0,miss,0,miss,0,miss,del,0,0,dup/del,9
C01,31000001,32000000,0,gain,miss,gain,miss,0,0,miss,0,0,miss,0,miss,0,miss,del,0,0,dup/del,9
C01,32000001,33000000,0,gain,miss,gain,miss,0,0,miss,0,0,miss,0,miss,0,miss,del,0,0,dup/del,9
C01,33000001,34000000,0,gain,miss,gain,miss,0,0,miss,0,0,miss,0,miss,0,miss,del,0,0,dup/del,9
C01,34000001,35000000,0,gain,miss,gain,miss,0,0,miss,0,0,miss,0,miss,0,miss,del,0,0,dup/del,9
C01,35000001,36000000,0,gain,miss,gain,miss,0,0,miss,0,0,miss,0,miss,0,miss,del,0,0,dup/del,9
C01,36000001,37000000,0,gain,miss,gain,miss,0,0,miss,0,0,miss,0,miss,0,miss,del,0,0,dup/del,9
C01,37000001,38000000,0,gain,miss,gain,miss,0,0,miss,0,0,miss,0,miss,0,miss,del,0,0,dup/del,9
C01,38000001,39000000,0,gain,miss,gain,miss,0,0,miss,0,0,miss,0,miss,0,miss,del,0,0,dup/del,9
C01,39000001,40000000,0,gain,miss,gain,miss,0,0,miss,0,0,miss,0,miss,0,miss,del,0,0,dup/del,9
C01,40000001,41000000,0,gain,miss,gain,miss,0,0,miss,0,0,miss,0,miss,0,miss,del,0,0,dup/del,9
C01,41000001,42000000,0,gain,miss,gain,miss,0,0,miss,0,0,miss,0,miss,0,miss,del,0,0,dup/del,9
C01,42000001,43000000,0,gain,miss,gain,miss,0,0,miss,0,0,miss,0,miss,0,miss,del,0,0,dup/del,9
C01,43000001,44000000,0,gain,0,gain,miss,0,0,miss,0,0,miss,0,miss,0,miss,del,0,0,dup/del,8
C01,44000001,45000000,0,gain,0,gain,miss,0,0,miss,0,0,miss,0,miss,0,miss,del,0,0,dup/del,8
C01,45000001,46000000,0,gain,0,gain,miss,0,0,miss,0,0,miss,0,miss,0,miss,del,0,0,dup/del,8
C01,46000001,47000000,0,gain,0,gain,miss,0,0,miss,0,0,miss,0,miss,0,miss,del,0,0,dup/del,8
C01,47000001,48000000,0,gain,0,gain,miss,0,0,miss,gain,0,miss,0,miss,0,miss,del,0,0,dup/del,9
C01,48000001,48239358,0,gain,0,gain,miss,0,0,miss,gain,0,miss,0,miss,0,miss,del,0,0,dup/del,9
C02,1,1000000,0,0,0,0,0,miss,0,0,gain,0,0,0,0,0,0,miss,0,0,dup/del,3
C02,1000001,2000000,0,0,0,0,0,miss,0,0,gain,0,0,0,0,0,0,miss,0,0,dup/del,3
C02,2000001,3000000,0,0,0,0,0,0,0,0,gain,0,0,0,0,0,0,miss,0,0,dup/del,2
C02,3000001,4000000,gain,0,0,0,0,0,0,0,gain,0,0,0,0,0,0,miss,0,0,dup/del,3
C02,4000001,5000000,gain,0,gain,0,0,0,0,0,gain,0,0,0,0,0,0,0,0,miss,dup/del,4
C02,5000001,6000000,gain,0,gain,0,0,0,0,0,gain,0,0,0,0,0,0,0,0,miss,dup/del,4
C02,6000001,7000000,gain,0,gain,0,0,gain,0,0,gain,0,0,0,0,0,0,0,0,miss,dup/del,5
C02,7000001,8000000,gain,0,gain,0,0,gain,0,0,gain,0,0,0,0,0,0,0,0,miss,dup/del,5
C02,8000001,9000000,gain,0,gain,0,0,gain,0,0,gain,0,0,0,0,0,0,0,miss,miss,dup/del,6
C02,9000001,10000000,gain,0,gain,0,0,gain,0,0,gain,0,0,0,0,0,0,0,miss,miss,dup/del,6
C02,10000001,11000000,gain,0,gain,0,0,gain,0,0,gain,0,0,0,0,0,0,0,miss,miss,dup/del,6
C02,11000001,12000000,gain,0,gain,0,0,gain,0,0,gain,0,0,0,0,0,0,0,miss,miss,dup/del,6
C02,12000001,13000000,gain,0,gain,0,0,gain,0,0,gain,0,0,0,gain,0,0,0,miss,miss,dup/del,7
C02,13000001,14000000,gain,0,gain,0,0,gain,0,0,gain,0,0,0,gain,0,0,0,miss,miss,dup/del,7
C02,14000001,15000000,gain,0,gain,0,0,gain,0,0,gain,0,0,0,0,0,0,0,miss,miss,dup/del,6
C02,15000001,16000000,gain,0,gain,0,0,gain,0,0,gain,0,0,0,0,0,0,0,miss,miss,dup/del,6
C02,16000001,17000000,gain,0,gain,0,0,gain,0,0,gain,0,0,0,0,0,0,0,miss,miss,dup/del,6
C02,17000001,18000000,gain,0,gain,0,0,gain,0,0,gain,0,0,0,0,0,0,0,miss,miss,dup/del,6
C02,18000001,19000000,gain,0,gain,0,0,gain,0,0,gain,0,0,0,0,0,0,0,miss,miss,dup/del,6
C02,19000001,20000000,gain,0,gain,0,0,gain,0,0,gain,0,0,0,0,0,0,0,miss,miss,dup/del,6
C02,20000001,21000000,gain,0,gain,0,0,gain,0,0,gain,0,0,0,0,0,0,0,miss,miss,dup/del,6
C02,21000001,22000000,gain,0,gain,0,0,gain,0,0,gain,0,0,0,0,0,0,0,miss,miss,dup/del,6
C02,22000001,23000000,0,0,gain,0,0,gain,0,0,gain,0,0,0,0,0,0,0,miss,miss,dup/del,5
C02,23000001,24000000,0,0,gain,0,0,gain,0,0,gain,0,0,0,0,0,0,0,miss,miss,dup/del,5
C02,24000001,25000000,0,0,gain,0,0,gain,0,0,0,0,0,0,0,0,0,0,miss,miss,dup/del,4
C02,25000001,26000000,0,0,gain,0,0,gain,0,0,0,0,0,0,0,0,0,0,miss,miss,dup/del,4
C02,26000001,27000000,0,0,gain,0,0,gain,0,0,0,0,0,0,0,0,0,0,miss,miss,dup/del,4
C02,27000001,28000000,0,0,gain,0,0,gain,0,0,0,0,0,0,0,0,0,0,miss,miss,dup/del,4
C02,28000001,29000000,0,0,gain,0,0,gain,0,0,0,0,0,0,0,0,0,0,miss,miss,dup/del,4
C02,29000001,30000000,0,0,gain,0,0,gain,0,0,0,0,0,0,0,0,0,0,miss,miss,dup/del,4
C02,30000001,31000000,0,0,gain,0,0,gain,0,0,0,0,0,0,0,0,0,0,miss,miss,dup/del,4
C02,31000001,32000000,0,0,gain,0,0,gain,0,0,0,0,0,0,0,0,0,0,miss,miss,dup/del,4
C02,32000001,33000000,0,0,gain,0,0,gain,0,0,0,0,0,0,0,0,0,0,miss,miss,dup/del,4
C02,33000001,34000000,0,0,gain,0,0,gain,0,0,0,0,0,0,0,0,0,0,miss,miss,dup/del,4
C02,34000001,35000000,0,0,gain,0,0,gain,0,0,0,0,0,0,0,0,0,0,miss,miss,dup/del,4
C02,35000001,36000000,0,0,gain,0,0,gain,0,0,0,0,0,0,0,0,0,0,miss,miss,dup/del,4
C02,36000001,37000000,0,0,gain,0,0,gain,0,0,0,0,0,0,0,0,0,0,miss,miss,dup/del,4
C02,37000001,38000000,0,0,gain,0,0,gain,0,0,0,0,0,0,0,0,0,0,miss,miss,dup/del,4
C02,38000001,39000000,0,0,gain,0,0,gain,0,0,0,0,0,0,0,0,0,0,miss,miss,dup/del,4
C02,39000001,40000000,0,0,gain,0,0,gain,0,0,0,0,0,0,0,0,0,0,miss,miss,dup/del,4
C02,40000001,41000000,0,0,gain,0,0,gain,0,0,0,0,0,0,0,0,0,0,miss,miss,dup/del,4
C02,41000001,42000000,0,0,gain,0,0,gain,0,0,0,0,0,0,0,0,0,0,miss,miss,dup/del,4
C02,42000001,43000000,0,0,gain,0,0,gain,0,0,0,0,0,0,0,0,0,0,miss,miss,dup/del,4
C02,43000001,44000000,0,0,gain,0,0,gain,0,0,0,0,0,0,gain,0,0,0,miss,miss,dup/del,5
C02,44000001,45000000,0,0,gain,0,0,gain,0,0,0,0,0,0,gain,0,0,0,miss,miss,dup/del,5
C02,45000001,46000000,0,0,gain,0,0,gain,0,0,0,0,0,0,gain,0,0,0,miss,miss,dup/del,5
C02,46000001,47000000,0,0,gain,0,0,gain,0,0,0,0,0,0,0,0,0,0,miss,miss,dup/del,4
C02,47000001,48000000,0,0,gain,0,0,gain,0,0,0,0,0,0,0,0,0,0,miss,miss,dup/del,4
C02,48000001,49000000,0,0,gain,0,0,gain,0,0,0,0,0,0,0,0,0,0,miss,miss,dup/del,4
C02,49000001,50000000,0,0,gain,0,0,gain,0,0,0,0,0,0,0,0,0,0,miss,miss,dup/del,4
C02,50000001,51000000,0,0,gain,0,0,gain,0,0,0,0,0,0,0,0,0,0,miss,miss,dup/del,4
C02,51000001,52000000,0,0,gain,0,0,gain,0,0,0,0,0,0,0,0,0,0,miss,miss,dup/del,4
C02,52000001,53000000,0,0,gain,0,0,gain,0,0,0,0,0,0,0,0,0,0,miss,miss,dup/del,4
C02,53000001,54000000,0,0,gain,0,0,gain,0,0,0,0,0,0,0,0,0,0,miss,miss,dup/del,4
C02,54000001,55000000,0,0,gain,0,0,gain,0,0,0,0,0,0,0,0,0,0,miss,miss,dup/del,4
C02,55000001,56000000,0,0,gain,0,0,gain,0,0,0,0,0,0,0,0,0,0,miss,miss,dup/del,4
C02,56000001,57000000,0,0,gain,0,0,gain,0,0,0,0,0,0,0,0,0,0,miss,miss,dup/del,4
C02,57000001,58000000,0,0,gain,0,0,gain,0,0,0,0,0,0,0,0,0,0,miss,miss,dup/del,4
C02,58000001,59000000,0,0,gain,0,0,gain,0,0,0,0,0,0,0,0,0,0,miss,0,dup/del,3
C02,59000001,60000000,0,0,gain,0,0,gain,0,0,0,0,0,0,0,0,0,0,miss,0,dup/del,3
C02,60000001,61000000,0,0,gain,0,0,miss,0,0,0,0,0,0,0,0,0,0,miss,0,dup/del,3
C02,61000001,62000000,0,0,gain,0,0,miss,0,0,0,0,0,0,0,0,0,0,miss,0,dup/del,3
C02,62000001,62297340,0,0,gain,0,0,miss,0,0,0,0,0,0,0,0,0,0,miss,0,dup/del,3
C03,1,1000000,0,0,0,0,gain,0,0,gain,0,gain,0,miss,0,0,0,0,0,miss,dup/del,5
C03,1000001,2000000,0,0,0,0,gain,0,0,gain,0,gain,0,miss,0,0,0,0,0,miss,dup/del,5
C03,2000001,3000000,0,0,0,0,gain,0,0,gain,0,gain,0,miss,0,0,0,0,0,miss,dup/del,5
C03,3000001,4000000,0,0,0,0,gain,0,0,0,0,0,0,miss,0,0,0,0,0,miss,dup/del,3
C03,4000001,5000000,0,0,0,0,0,0,0,0,0,0,0,miss,0,0,0,0,0,miss,deletion,2
C03,5000001,6000000,0,0,0,0,0,0,0,0,0,0,0,miss,0,0,0,0,0,miss,deletion,2
C03,6000001,7000000,0,0,0,0,0,0,0,0,0,0,0,miss,0,0,0,0,0,miss,deletion,2
C03,7000001,8000000,0,0,0,0,0,0,0,0,0,0,0,miss,0,0,0,0,0,miss,deletion,2
C03,8000001,9000000,0,0,0,0,miss,0,0,0,0,0,0,0,0,0,0,0,0,miss,deletion,2
C03,9000001,10000000,0,0,0,0,miss,0,0,0,0,0,0,0,0,0,0,0,0,miss,deletion,2
C03,10000001,11000000,0,0,0,0,miss,0,0,0,0,0,0,0,0,0,0,0,0,miss,deletion,2
C03,11000001,12000000,0,0,0,0,miss,0,0,0,0,0,0,0,0,0,0,0,0,miss,deletion,2
C03,12000001,13000000,0,0,0,0,miss,0,0,0,0,0,0,0,0,0,0,0,0,miss,deletion,2
C03,13000001,14000000,0,0,0,0,miss,0,0,0,0,0,0,0,0,0,0,0,0,0,deletion,1
C03,14000001,15000000,0,0,0,0,miss,0,0,0,0,0,0,0,0,0,0,0,0,0,deletion,1
C03,15000001,16000000,0,0,0,0,miss,0,0,0,0,0,0,0,0,0,0,0,0,0,deletion,1
C03,16000001,17000000,0,0,0,0,miss,0,0,0,0,0,0,0,0,0,0,0,0,0,deletion,1
C03,17000001,18000000,0,0,0,0,0,0,0,0,0,0,0,0,0,0,0,0,0,0,no CNV,0
C03,18000001,19000000,0,0,0,0,0,0,0,0,0,0,0,0,0,0,0,0,0,0,no CNV,0
C03,19000001,20000000,miss,0,0,0,0,0,0,0,0,0,0,0,0,0,0,0,0,0,deletion,1
C03,20000001,21000000,miss,0,0,0,0,0,0,0,0,0,0,0,0,0,0,0,0,0,deletion,1
C03,21000001,22000000,miss,0,0,0,0,0,0,0,0,0,0,0,0,0,0,0,0,0,deletion,1
C03,22000001,23000000,miss,0,0,0,0,0,0,0,0,0,0,0,0,0,0,0,0,0,deletion,1
C03,23000001,24000000,miss,0,0,0,0,0,0,0,0,0,0,0,0,0,0,0,0,0,deletion,1
C03,24000001,25000000,miss,0,0,0,0,0,0,0,0,0,0,0,0,0,0,0,0,0,deletion,1
C03,25000001,26000000,miss,0,0,0,0,0,0,0,0,0,0,0,0,0,0,0,0,0,deletion,1
C03,26000001,27000000,miss,0,0,0,0,0,0,0,0,0,0,0,0,0,0,0,0,0,deletion,1
C03,27000001,28000000,miss,0,0,0,0,0,0,0,0,0,0,0,0,0,0,0,0,0,deletion,1
C03,28000001,29000000,miss,0,0,0,0,0,0,0,0,0,0,0,0,0,0,0,0,0,deletion,1
C03,29000001,30000000,miss,0,0,0,0,0,0,0,0,0,0,0,0,0,0,0,0,0,deletion,1
C03,30000001,31000000,miss,0,0,0,0,0,0,0,0,0,0,0,0,0,0,0,0,0,deletion,1
C03,31000001,32000000,miss,0,0,0,0,0,0,0,0,0,0,0,0,0,0,0,0,0,deletion,1
C03,32000001,33000000,miss,0,0,0,0,0,0,0,0,0,0,0,0,0,0,0,0,0,deletion,1
C03,33000001,34000000,miss,0,0,0,0,0,0,0,0,0,0,0,0,0,0,0,0,0,deletion,1
C03,34000001,35000000,miss,0,0,0,0,0,0,0,0,0,0,0,0,0,0,0,0,0,deletion,1
C03,35000001,36000000,miss,0,0,0,0,0,0,0,0,0,0,0,gain,0,0,0,0,0,dup/del,2
C03,36000001,37000000,miss,0,0,0,0,0,0,0,0,0,0,0,gain,0,0,0,0,0,dup/del,2
C03,37000001,38000000,miss,0,0,0,0,0,0,0,0,0,0,0,0,0,0,0,0,0,deletion,1
C03,38000001,39000000,miss,0,0,0,0,0,0,0,0,0,0,0,0,0,0,0,0,0,deletion,1
C03,39000001,40000000,miss,0,0,0,0,0,0,0,0,0,0,0,0,0,0,0,0,0,deletion,1
C03,40000001,41000000,miss,0,0,0,0,0,0,0,0,0,0,0,0,0,0,0,0,0,deletion,1
C03,41000001,42000000,miss,0,0,0,0,0,0,0,0,0,0,0,0,0,0,0,0,0,deletion,1
C03,42000001,43000000,miss,0,0,0,0,0,0,0,0,0,0,0,0,0,0,0,0,0,deletion,1
C03,43000001,44000000,miss,0,0,0,0,0,0,0,0,0,0,0,0,0,0,0,0,0,deletion,1
C03,44000001,45000000,miss,0,0,0,0,0,0,0,0,0,0,0,0,0,0,0,0,0,deletion,1
C03,45000001,46000000,miss,0,0,0,0,0,0,0,0,0,0,0,0,0,0,0,0,0,deletion,1
C03,46000001,47000000,miss,0,0,0,0,0,0,0,0,0,0,0,0,0,0,0,0,0,deletion,1
C03,47000001,48000000,miss,0,0,0,0,0,0,0,0,0,0,0,0,0,0,0,0,0,deletion,1
C03,48000001,49000000,miss,0,0,0,0,0,0,0,0,0,0,0,0,0,0,0,0,0,deletion,1
C03,49000001,50000000,miss,0,0,0,0,0,0,0,0,0,0,0,0,0,0,0,0,0,deletion,1
C03,50000001,51000000,miss,0,0,0,0,0,0,0,0,0,0,0,0,0,0,0,0,0,deletion,1
C03,51000001,52000000,miss,0,0,0,0,0,0,0,0,0,0,0,0,0,0,0,0,0,deletion,1
C03,52000001,53000000,miss,0,0,0,0,0,0,0,0,0,0,0,0,0,0,0,0,0,deletion,1
C03,53000001,54000000,miss,0,0,0,0,0,0,0,0,0,0,0,0,0,0,0,0,0,deletion,1
C03,54000001,55000000,miss,0,0,0,0,0,0,0,0,0,0,0,0,0,0,0,0,0,deletion,1
C03,55000001,56000000,miss,0,0,0,0,0,0,0,0,0,0,0,0,0,0,0,0,0,deletion,1
C03,56000001,57000000,miss,0,0,0,0,0,0,0,0,0,0,0,0,0,0,0,0,0,deletion,1
C03,57000001,58000000,miss,0,0,0,0,0,0,0,0,0,0,0,0,0,0,0,0,0,deletion,1
C03,58000001,59000000,miss,0,0,0,0,0,0,0,0,0,0,0,0,0,0,0,0,0,deletion,1
C03,59000001,60000000,miss,0,0,0,0,0,0,0,0,0,0,0,0,0,0,0,0,0,deletion,1
C03,60000001,61000000,miss,0,0,0,0,0,0,0,0,0,0,0,0,0,0,0,0,0,deletion,1
C03,61000001,62000000,miss,0,0,0,0,0,0,0,0,0,0,0,0,0,0,0,0,0,deletion,1
C03,62000001,63000000,miss,0,0,0,0,0,0,0,0,0,0,0,0,0,0,0,0,0,deletion,1
C03,63000001,64000000,miss,0,0,0,0,0,0,0,0,0,0,0,0,0,0,0,0,0,deletion,1
C03,64000001,65000000,miss,0,0,0,0,0,0,0,0,0,0,0,0,0,0,0,0,0,deletion,1
C03,65000001,66000000,miss,0,0,0,0,0,0,0,0,0,0,0,0,0,0,0,0,0,deletion,1
C03,66000001,67000000,miss,0,0,0,0,0,0,0,0,0,0,0,0,0,0,0,0,0,deletion,1
C03,67000001,68000000,miss,0,0,0,0,0,0,0,0,0,0,0,0,0,0,0,0,0,deletion,1
C03,68000001,69000000,miss,0,0,0,0,0,0,0,0,0,0,0,0,0,0,0,0,0,deletion,1
C03,69000001,70000000,miss,0,0,0,0,0,0,0,0,0,0,0,0,0,0,0,0,0,deletion,1
C03,70000001,71000000,miss,0,0,0,0,0,0,0,0,0,0,0,0,0,0,0,0,0,deletion,1
C03,71000001,72000000,miss,0,0,0,0,0,0,0,0,0,0,0,0,0,0,0,0,0,deletion,1
C03,72000001,73000000,miss,0,0,0,0,0,0,0,0,0,0,0,0,0,0,0,0,0,deletion,1
C03,73000001,73669886,miss,0,0,0,0,0,0,0,0,0,0,0,0,0,0,0,0,0,deletion,1
C04,1,1000000,miss,0,0,gain,0,miss,gain,0,0,0,0,0,0,miss,0,0,miss,miss,dup/del,7
C04,1000001,2000000,miss,0,0,gain,0,miss,gain,0,0,0,0,0,0,miss,0,0,miss,miss,dup/del,7
C04,2000001,3000000,miss,0,0,gain,0,miss,gain,0,0,0,0,0,0,miss,0,0,miss,miss,dup/del,7
C04,3000001,4000000,0,0,0,gain,0,miss,gain,0,0,0,0,0,0,miss,0,0,miss,miss,dup/del,6
C04,4000001,5000000,0,0,0,gain,0,miss,gain,0,0,0,0,0,0,miss,0,0,0,miss,dup/del,5
C04,5000001,6000000,0,0,0,gain,0,0,gain,0,0,0,0,0,0,miss,0,0,0,0,dup/del,3
C04,6000001,7000000,0,0,0,gain,0,0,gain,0,0,0,0,0,0,miss,0,0,0,0,dup/del,3
C04,7000001,8000000,0,0,0,gain,0,0,gain,0,0,0,0,0,0,0,0,0,0,0,duplication,2
C04,8000001,9000000,0,0,0,gain,0,0,0,0,0,0,0,0,0,0,0,0,0,0,duplication,1
C04,9000001,10000000,0,0,0,gain,0,0,0,0,0,0,0,0,0,0,0,0,0,0,duplication,1
C04,10000001,11000000,0,0,0,gain,0,0,0,0,0,0,0,0,0,0,0,0,0,0,duplication,1
C04,11000001,12000000,0,0,0,gain,0,0,0,0,0,0,0,0,0,0,0,0,0,0,duplication,1
C04,12000001,13000000,0,0,0,gain,0,0,0,0,0,0,0,0,0,0,0,0,0,0,duplication,1
C04,13000001,14000000,0,0,0,gain,0,0,0,0,0,0,0,0,0,0,0,0,0,0,duplication,1
C04,14000001,15000000,0,0,0,gain,0,0,0,0,0,0,0,0,0,0,0,0,0,0,duplication,1
C04,15000001,16000000,0,0,0,gain,0,0,0,0,0,0,0,0,0,0,0,0,0,0,duplication,1
C04,16000001,17000000,0,0,0,gain,0,0,0,0,0,0,0,0,0,0,0,0,0,0,duplication,1
C04,17000001,18000000,0,0,0,gain,0,0,0,0,0,0,gain,0,0,0,0,0,0,0,duplication,2
C04,18000001,19000000,0,0,0,gain,0,0,0,0,0,0,gain,0,0,0,0,0,0,0,duplication,2
C04,19000001,20000000,0,0,0,gain,0,0,0,0,0,0,0,0,0,0,0,gain,0,0,duplication,2
C04,20000001,21000000,0,0,0,gain,0,0,0,0,0,0,0,0,0,0,0,gain,0,0,duplication,2
C04,21000001,22000000,0,0,0,gain,0,0,0,0,0,0,0,0,0,0,0,gain,0,0,duplication,2
C04,22000001,23000000,gain,0,0,gain,0,0,0,0,0,0,gain,0,0,0,0,gain,0,0,duplication,4
C04,23000001,24000000,gain,gain,0,gain,0,gain,0,gain,0,gain,gain,gain,gain,0,0,gain,gain,gain,duplication,12
C04,24000001,25000000,gain,gain,gain,gain,gain,gain,gain,gain,gain,gain,gain,gain,gain,gain,gain,gain,gain,gain,duplication,18
C04,25000001,26000000,gain,gain,gain,gain,gain,gain,gain,gain,gain,gain,gain,gain,gain,gain,gain,gain,gain,gain,duplication,18
C04,26000001,27000000,gain,gain,gain,gain,gain,gain,gain,gain,gain,gain,gain,gain,gain,gain,gain,gain,gain,gain,duplication,18
C04,27000001,28000000,gain,gain,gain,gain,gain,gain,gain,gain,gain,gain,gain,gain,gain,gain,gain,gain,gain,gain,duplication,18
C04,28000001,29000000,gain,gain,0,gain,0,0,0,0,0,0,gain,0,gain,0,0,gain,gain,0,duplication,7
C04,29000001,30000000,gain,gain,0,gain,0,0,0,0,0,gain,gain,0,gain,0,0,gain,gain,gain,duplication,9
C04,30000001,31000000,gain,gain,0,gain,0,0,0,0,0,gain,gain,0,0,0,0,0,gain,0,duplication,6
C04,31000001,32000000,gain,0,0,gain,0,0,0,0,0,0,0,0,gain,0,0,0,gain,0,duplication,4
C04,32000001,33000000,gain,gain,0,gain,0,0,0,0,0,0,gain,0,gain,0,0,0,gain,0,duplication,6
C04,33000001,34000000,gain,gain,0,gain,0,0,0,0,0,gain,gain,0,gain,0,0,0,gain,0,duplication,7
C04,34000001,35000000,gain,gain,0,gain,0,0,0,0,0,gain,gain,0,gain,0,0,0,gain,0,duplication,7
C04,35000001,36000000,gain,gain,0,gain,0,0,0,0,0,0,0,0,gain,0,0,gain,gain,0,duplication,6
C04,36000001,37000000,gain,gain,0,gain,0,0,0,0,0,0,0,0,gain,0,0,gain,gain,0,duplication,6
C04,37000001,38000000,gain,gain,0,gain,0,0,0,0,0,0,0,0,gain,0,0,0,gain,0,duplication,5
C04,38000001,39000000,gain,gain,0,gain,0,0,0,0,0,0,gain,0,0,0,0,gain,gain,0,duplication,6
C04,39000001,40000000,gain,gain,0,gain,0,0,0,0,0,gain,gain,0,gain,0,0,gain,gain,0,duplication,8
C04,40000001,41000000,gain,gain,0,gain,0,0,0,0,0,gain,gain,0,gain,0,0,gain,gain,0,duplication,8
C04,41000001,42000000,gain,gain,0,gain,0,0,0,0,0,0,gain,0,gain,0,0,0,0,0,duplication,5
C04,42000001,43000000,0,0,0,gain,0,0,0,0,0,0,0,0,0,0,0,0,0,0,duplication,1
C04,43000001,44000000,0,0,0,gain,0,0,0,0,0,0,0,0,0,0,0,0,0,0,duplication,1
C04,44000001,45000000,0,0,0,gain,0,0,0,0,0,0,0,0,0,0,0,0,0,0,duplication,1
C04,45000001,46000000,0,0,0,gain,0,0,0,0,0,0,0,0,0,0,0,0,0,0,duplication,1
C04,46000001,47000000,0,0,0,gain,0,0,0,0,0,0,0,0,0,0,0,0,0,0,duplication,1
C04,47000001,48000000,0,0,0,gain,0,0,0,0,0,0,0,0,0,0,0,0,0,0,duplication,1
C04,48000001,49000000,0,0,0,gain,0,0,0,0,0,0,0,0,0,0,0,0,0,0,duplication,1
C04,49000001,50000000,0,0,0,gain,0,0,0,0,0,0,0,0,0,0,0,0,0,0,duplication,1
C04,50000001,51000000,0,0,0,gain,0,0,0,0,0,0,0,0,0,0,0,0,0,0,duplication,1
C04,51000001,52000000,0,0,0,gain,0,0,0,0,0,0,0,0,0,0,0,0,0,0,duplication,1
C04,52000001,53000000,0,0,0,gain,0,0,0,0,0,0,0,0,0,0,0,0,0,0,duplication,1
C04,53000001,54000000,0,0,0,gain,0,0,0,0,0,0,0,0,0,0,0,0,0,0,duplication,1
C04,54000001,55000000,0,0,0,gain,0,0,0,0,0,0,0,0,0,0,0,0,0,0,duplication,1
C04,55000001,56000000,0,0,0,gain,0,0,0,0,0,0,0,0,0,0,0,0,0,0,duplication,1
C04,56000001,57000000,0,0,0,gain,0,0,0,0,0,0,0,0,0,0,0,0,0,0,duplication,1
C04,57000001,58000000,0,0,0,gain,0,0,0,0,0,0,0,0,0,0,0,0,0,0,duplication,1
C04,58000001,59000000,0,0,0,gain,0,0,0,0,0,0,0,0,0,0,0,0,0,0,duplication,1
C04,59000001,60000000,0,0,0,gain,0,0,0,0,0,0,0,0,0,0,0,0,0,0,duplication,1
C04,60000001,61000000,0,0,0,gain,0,0,0,0,0,0,0,0,0,0,0,0,0,0,duplication,1
C04,61000001,62000000,0,0,0,gain,0,0,0,0,0,0,0,0,0,0,0,0,0,0,duplication,1
C04,62000001,63000000,0,0,0,gain,0,0,0,0,0,0,0,0,0,0,0,0,0,0,duplication,1
C04,63000001,64000000,0,0,0,gain,0,0,0,0,0,0,0,0,0,0,0,0,0,0,duplication,1
C04,64000001,65000000,0,0,0,gain,0,0,0,0,0,0,0,0,0,0,0,0,0,0,duplication,1
C04,65000001,65837619,0,0,0,gain,0,0,0,0,0,0,0,0,0,0,0,0,0,0,duplication,1
C05,1,1000000,0,0,0,0,0,miss,0,miss,0,0,0,0,0,0,0,miss,0,0,deletion,3
C05,1000001,2000000,0,0,0,0,0,miss,0,miss,0,0,0,0,0,0,0,miss,0,0,deletion,3
C05,2000001,3000000,0,0,0,0,0,miss,0,miss,0,0,0,0,0,0,0,miss,0,0,deletion,3
C05,3000001,4000000,0,0,0,0,0,miss,0,miss,0,0,0,0,0,0,0,miss,0,0,deletion,3
C05,4000001,5000000,0,0,0,0,0,miss,0,miss,0,0,0,0,0,0,0,miss,0,0,deletion,3
C05,5000001,6000000,0,0,0,0,0,miss,0,miss,0,0,0,0,0,0,0,miss,0,0,deletion,3
C05,6000001,7000000,0,0,0,0,0,miss,0,miss,0,0,0,0,0,0,0,miss,0,0,deletion,3
C05,7000001,8000000,0,0,0,0,0,miss,0,miss,0,0,0,0,0,0,0,0,0,0,deletion,2
C05,8000001,9000000,0,0,0,0,0,miss,0,miss,0,0,0,0,0,0,0,0,0,0,deletion,2
C05,9000001,10000000,0,0,0,0,0,miss,0,miss,0,0,0,0,0,0,0,0,0,0,deletion,2
C05,10000001,11000000,0,0,0,0,0,miss,0,miss,0,0,0,0,0,0,0,0,0,0,deletion,2
C05,11000001,12000000,0,0,0,0,0,miss,0,miss,0,0,0,0,0,0,0,0,0,0,deletion,2
C05,12000001,13000000,0,0,0,0,0,miss,0,miss,0,0,0,0,0,0,0,0,0,0,deletion,2
C05,13000001,14000000,0,0,0,0,0,miss,0,miss,0,0,0,0,0,0,0,0,0,0,deletion,2
C05,14000001,15000000,0,0,0,0,0,miss,0,miss,0,0,0,0,0,0,0,0,0,0,deletion,2
C05,15000001,16000000,0,0,0,0,0,miss,0,miss,0,0,0,0,0,0,0,0,0,0,deletion,2
C05,16000001,17000000,0,0,0,0,0,miss,0,miss,0,0,0,0,0,0,0,0,0,0,deletion,2
C05,17000001,18000000,0,0,0,0,0,miss,0,miss,0,0,0,0,0,0,0,0,0,0,deletion,2
C05,18000001,19000000,0,0,0,0,0,miss,0,miss,0,0,0,0,0,0,0,0,0,0,deletion,2
C05,19000001,20000000,0,0,0,0,0,miss,0,miss,0,0,0,0,0,0,0,0,0,0,deletion,2
C05,20000001,21000000,0,0,0,0,0,miss,0,miss,0,0,0,0,0,0,0,0,0,0,deletion,2
C05,21000001,22000000,0,0,0,0,0,miss,0,miss,0,0,0,0,0,0,0,0,0,0,deletion,2
C05,22000001,23000000,0,0,0,0,0,miss,0,miss,0,0,0,0,0,0,0,0,0,0,deletion,2
C05,23000001,24000000,0,0,0,0,0,miss,0,miss,0,0,0,0,0,0,0,0,0,0,deletion,2
C05,24000001,25000000,0,0,0,0,0,miss,0,miss,0,0,0,0,gain,0,0,0,0,0,dup/del,3
C05,25000001,26000000,gain,0,0,0,0,miss,gain,miss,0,0,gain,0,gain,gain,0,gain,0,0,dup/del,8
C05,26000001,27000000,gain,0,0,0,0,miss,gain,miss,0,gain,gain,gain,gain,gain,0,gain,0,gain,dup/del,11
C05,27000001,28000000,gain,0,0,0,0,miss,gain,miss,0,gain,gain,gain,gain,gain,0,gain,0,gain,dup/del,11
C05,28000001,29000000,0,0,0,0,0,miss,0,miss,0,0,0,0,0,miss,0,0,0,0,deletion,3
C05,29000001,30000000,0,0,0,0,0,miss,0,miss,0,0,0,0,0,miss,0,0,0,0,deletion,3
C05,30000001,31000000,0,0,0,0,0,miss,0,miss,0,0,0,0,0,0,0,0,0,0,deletion,2
C05,31000001,32000000,0,0,0,0,0,miss,0,miss,0,0,0,0,0,0,0,0,0,0,deletion,2
C05,32000001,33000000,0,0,0,0,0,miss,0,miss,0,0,0,0,0,0,0,0,0,0,deletion,2
C05,33000001,34000000,0,0,0,0,0,miss,0,miss,0,0,0,0,0,0,0,0,0,0,deletion,2
C05,34000001,35000000,0,0,0,0,0,miss,0,miss,0,0,0,0,0,0,0,0,0,0,deletion,2
C05,35000001,36000000,0,0,0,0,0,miss,0,miss,0,0,0,0,0,0,0,0,0,0,deletion,2
C05,36000001,37000000,0,0,0,0,0,miss,0,miss,0,0,0,0,0,0,0,0,0,0,deletion,2
C05,37000001,38000000,0,0,0,0,0,miss,0,miss,0,0,0,0,0,0,0,0,0,0,deletion,2
C05,38000001,39000000,0,0,0,0,0,miss,0,miss,0,0,0,0,0,0,0,0,0,0,deletion,2
C05,39000001,40000000,0,0,0,0,0,miss,0,miss,0,0,0,0,0,0,0,0,0,0,deletion,2
C05,40000001,41000000,0,0,0,0,0,miss,0,miss,0,0,0,0,0,0,0,0,0,0,deletion,2
C05,41000001,42000000,0,0,0,0,0,miss,0,miss,0,0,0,0,0,0,0,0,0,0,deletion,2
C05,42000001,43000000,dup,0,0,0,0,miss,0,miss,0,0,0,0,0,0,0,0,0,0,dup/del,3
C05,43000001,44000000,dup,0,0,0,0,miss,0,miss,0,0,0,gain,0,0,0,0,0,0,dup/del,4
C05,44000001,45000000,dup,0,0,0,0,miss,0,miss,0,0,0,gain,0,0,0,0,0,0,dup/del,4
C05,45000001,46000000,dup,0,0,0,0,miss,0,miss,0,0,0,gain,0,0,0,0,0,0,dup/del,4
C05,46000001,47000000,dup,0,0,0,0,miss,0,0,0,0,0,gain,0,0,0,0,0,0,dup/del,3
C05,47000001,48000000,dup,0,0,0,0,miss,0,0,0,0,0,gain,0,0,0,0,0,0,dup/del,3
C05,48000001,49000000,dup,0,0,0,0,miss,0,0,0,0,0,gain,0,0,0,0,0,0,dup/del,3
C05,49000001,50000000,dup,0,0,0,0,miss,0,0,0,0,0,gain,0,0,0,0,0,0,dup/del,3
C05,50000001,51000000,dup,0,0,0,0,miss,0,0,0,miss,0,gain,0,0,0,0,0,0,dup/del,4
C05,51000001,52000000,dup,miss,0,0,gain,0,0,0,0,miss,0,miss,0,0,0,miss,0,0,dup/del,6
C05,52000001,53000000,dup,miss,0,0,gain,0,0,0,miss,miss,miss,miss,0,0,0,miss,0,0,dup/del,8
C05,53000001,54000000,dup,miss,miss,0,miss,0,0,0,miss,miss,miss,miss,0,miss,miss,miss,miss,miss,dup/del,13
C05,54000001,55000000,dup,miss,miss,0,miss,0,0,0,miss,0,miss,0,0,miss,miss,miss,miss,miss,dup/del,11
C05,55000001,56000000,dup,miss,miss,0,miss,0,0,0,miss,0,miss,0,0,miss,miss,miss,miss,miss,dup/del,11
C05,56000001,56382805,dup,0,miss,0,0,0,0,0,0,0,0,0,0,0,0,0,0,0,dup/del,2
C06,1,1000000,0,gain,0,0,0,0,0,0,0,0,0,0,0,gain,0,0,0,0,duplication,2
C06,1000001,2000000,0,gain,0,0,0,0,0,0,0,0,0,0,0,gain,0,0,0,0,duplication,2
C06,2000001,3000000,0,gain,0,0,0,0,0,0,0,0,0,0,0,gain,0,0,0,0,duplication,2
C06,3000001,4000000,0,gain,0,0,0,0,0,0,0,0,0,0,0,gain,0,0,0,0,duplication,2
C06,4000001,5000000,0,gain,0,0,0,0,0,0,0,0,0,0,0,gain,0,0,0,0,duplication,2
C06,5000001,6000000,0,gain,0,0,0,0,0,0,0,0,0,0,0,gain,0,0,0,0,duplication,2
C06,6000001,7000000,0,gain,0,0,0,0,0,0,0,0,0,0,0,gain,0,0,0,0,duplication,2
C06,7000001,8000000,0,gain,0,0,0,0,0,0,0,0,0,0,0,gain,0,0,0,0,duplication,2
C06,8000001,9000000,0,gain,0,0,0,0,0,0,0,0,0,0,0,gain,0,0,0,0,duplication,2
C06,9000001,10000000,0,gain,0,0,0,0,0,0,0,0,0,0,0,gain,0,0,0,0,duplication,2
C06,10000001,11000000,0,gain,0,0,0,0,0,0,0,0,0,0,0,gain,0,0,0,0,duplication,2
C06,11000001,12000000,0,gain,0,0,0,0,0,0,0,0,0,0,0,gain,0,0,0,0,duplication,2
C06,12000001,13000000,0,gain,0,0,0,0,0,0,0,0,0,0,0,gain,0,0,0,0,duplication,2
C06,13000001,14000000,0,gain,0,0,0,0,0,0,0,0,0,0,0,gain,0,0,0,0,duplication,2
C06,14000001,15000000,0,gain,0,0,0,0,0,0,0,0,0,0,0,gain,0,0,0,0,duplication,2
C06,15000001,16000000,0,gain,0,0,0,0,0,0,0,0,0,0,0,gain,0,0,0,0,duplication,2
C06,16000001,17000000,0,gain,0,0,0,0,0,0,0,0,0,0,0,gain,0,0,0,0,duplication,2
C06,17000001,18000000,0,gain,0,0,0,0,0,0,0,0,0,0,0,gain,0,0,0,0,duplication,2
C06,18000001,19000000,0,gain,0,0,0,0,0,0,0,0,0,0,0,gain,0,0,0,0,duplication,2
C06,19000001,20000000,0,gain,0,0,0,0,0,0,0,0,0,0,0,gain,0,0,0,0,duplication,2
C06,20000001,21000000,0,gain,0,0,0,0,0,0,0,0,0,0,0,gain,0,0,0,0,duplication,2
C06,21000001,22000000,0,gain,0,0,0,0,0,0,0,0,0,0,0,gain,0,0,0,0,duplication,2
C06,22000001,23000000,0,gain,0,0,0,0,0,0,0,0,0,0,0,gain,0,0,0,0,duplication,2
C06,23000001,24000000,0,gain,0,0,0,0,0,0,0,0,0,0,0,gain,0,0,0,0,duplication,2
C06,24000001,25000000,0,gain,0,0,0,0,0,0,0,0,0,0,0,gain,0,0,0,0,duplication,2
C06,25000001,26000000,0,gain,0,0,0,0,0,0,0,0,0,0,0,gain,0,0,0,0,duplication,2
C06,26000001,27000000,0,gain,0,0,0,0,0,0,0,0,0,0,0,gain,0,0,0,0,duplication,2
C06,27000001,28000000,0,gain,0,0,0,0,0,0,0,0,0,0,0,gain,0,0,0,0,duplication,2
C06,28000001,29000000,0,gain,0,0,0,0,0,0,0,0,0,0,gain,gain,0,0,0,0,duplication,3
C06,29000001,30000000,0,gain,0,0,0,0,0,0,0,0,0,0,gain,gain,0,0,0,0,duplication,3
C06,30000001,31000000,0,gain,0,0,0,0,0,0,0,0,0,0,0,gain,0,0,0,0,duplication,2
C06,31000001,32000000,0,gain,0,0,0,0,0,0,0,0,0,0,0,gain,0,0,0,0,duplication,2
C06,32000001,33000000,0,gain,0,0,0,0,0,0,0,0,0,0,0,gain,0,0,0,0,duplication,2
C06,33000001,34000000,0,gain,0,0,0,0,0,0,0,0,0,gain,0,gain,0,0,0,0,duplication,3
C06,34000001,35000000,0,gain,0,0,0,0,0,0,0,0,0,gain,0,gain,0,0,0,0,duplication,3
C06,35000001,36000000,0,gain,0,0,0,0,0,0,0,0,0,gain,0,gain,0,0,0,0,duplication,3
C06,36000001,37000000,0,gain,0,0,0,0,0,0,0,0,0,gain,0,gain,0,0,0,0,duplication,3
C06,37000001,38000000,0,gain,0,0,0,0,0,0,0,0,0,gain,0,gain,0,0,0,0,duplication,3
C06,38000001,39000000,0,gain,0,0,0,0,0,0,0,0,0,gain,0,gain,0,0,0,0,duplication,3
C06,39000001,40000000,0,gain,0,0,0,0,0,0,0,0,0,gain,0,gain,0,0,0,0,duplication,3
C06,40000001,41000000,0,gain,0,0,0,0,0,0,0,0,0,gain,0,gain,0,0,0,0,duplication,3
C06,41000001,42000000,0,gain,0,0,0,0,0,0,0,0,0,gain,0,gain,0,0,0,0,duplication,3
C06,42000001,43000000,0,gain,0,0,0,0,0,0,0,0,0,gain,0,gain,0,0,0,0,duplication,3
C06,43000001,44000000,0,gain,0,0,0,0,0,0,0,0,0,gain,0,gain,0,0,0,0,duplication,3
C06,44000001,45000000,0,gain,0,0,0,0,0,0,0,0,0,0,0,gain,0,0,0,0,duplication,2
C06,45000001,46000000,0,gain,0,0,0,0,0,0,0,0,0,0,0,gain,0,0,0,0,duplication,2
C06,46000001,47000000,0,gain,0,0,0,0,0,0,0,0,0,0,0,gain,0,0,0,0,duplication,2
C06,47000001,48000000,0,gain,0,0,0,0,0,0,0,0,gain,0,0,gain,0,0,0,0,duplication,3
C06,48000001,49000000,gain,gain,0,0,0,0,gain,dup,gain,gain,gain,0,dup,gain,gain,gain,gain,0,duplication,12
C06,49000001,50000000,gain,gain,0,0,0,0,gain,dup,0,gain,gain,0,dup,gain,gain,gain,gain,0,duplication,11
C06,50000001,50218839,0,gain,0,0,0,0,0,0,0,0,0,0,0,gain,0,0,0,0,duplication,2
C07,1,1000000,0,0,0,0,0,0,0,0,0,0,0,0,0,0,0,0,0,0,no CNV,0
C07,1000001,2000000,0,0,0,0,0,0,0,0,0,0,0,0,0,0,0,0,0,0,no CNV,0
C07,2000001,3000000,0,0,0,0,0,0,0,0,0,0,gain,0,0,0,0,0,0,0,duplication,1
C07,3000001,4000000,0,0,0,0,0,0,0,0,0,0,gain,0,0,0,0,0,0,0,duplication,1
C07,4000001,5000000,0,0,0,0,0,0,0,0,0,0,0,0,0,0,0,0,0,0,no CNV,0
C07,5000001,6000000,0,0,0,0,0,0,0,0,0,0,0,0,0,0,0,0,0,0,no CNV,0
C07,6000001,7000000,0,0,0,0,0,0,0,0,0,0,0,0,0,0,0,0,0,0,no CNV,0
C07,7000001,8000000,0,0,0,0,0,0,0,0,0,0,0,0,0,0,0,0,0,0,no CNV,0
C07,8000001,9000000,0,0,0,0,0,0,0,0,0,0,0,0,0,0,0,0,0,0,no CNV,0
C07,9000001,10000000,0,0,0,0,0,0,0,0,0,0,0,0,0,0,0,0,0,0,no CNV,0
C07,10000001,11000000,0,0,0,0,0,0,0,0,0,0,0,0,0,0,0,0,0,0,no CNV,0
C07,11000001,12000000,0,0,0,0,0,0,0,0,0,0,0,0,0,0,0,0,0,0,no CNV,0
C07,12000001,13000000,0,0,0,0,0,0,0,0,0,0,0,0,0,0,0,0,0,0,no CNV,0
C07,13000001,14000000,0,0,0,0,0,0,0,0,0,0,0,0,0,0,0,0,0,0,no CNV,0
C07,14000001,15000000,0,0,0,0,0,0,0,0,0,0,0,0,0,0,0,0,0,0,no CNV,0
C07,15000001,16000000,0,0,0,0,0,0,0,0,0,0,0,0,0,0,0,0,0,0,no CNV,0
C07,16000001,17000000,0,0,0,0,0,0,0,0,0,0,0,0,0,0,0,0,0,0,no CNV,0
C07,17000001,18000000,0,0,0,0,0,0,0,0,0,0,0,0,0,0,0,0,0,0,no CNV,0
C07,18000001,19000000,0,0,0,0,0,0,0,0,0,0,0,0,0,0,0,0,0,0,no CNV,0
C07,19000001,20000000,0,0,0,0,0,0,0,0,0,0,0,0,0,0,0,0,0,0,no CNV,0
C07,20000001,21000000,0,0,0,0,0,0,0,0,0,0,0,0,0,0,0,0,0,0,no CNV,0
C07,21000001,22000000,0,0,0,0,0,0,0,0,0,0,0,0,0,0,0,0,0,0,no CNV,0
C07,22000001,23000000,0,0,0,0,0,0,0,0,0,0,0,0,0,0,0,0,0,0,no CNV,0
C07,23000001,24000000,0,0,0,0,0,0,0,0,0,0,0,0,0,0,0,0,0,0,no CNV,0
C07,24000001,25000000,0,0,0,0,0,0,0,0,0,0,0,0,0,0,0,0,0,0,no CNV,0
C07,25000001,26000000,0,0,0,0,0,0,0,0,0,0,0,0,0,0,0,0,0,0,no CNV,0
C07,26000001,27000000,0,0,0,0,0,0,0,0,0,0,0,0,0,0,0,0,0,0,no CNV,0
C07,27000001,28000000,0,0,0,0,0,0,0,0,0,0,0,0,0,0,0,0,0,0,no CNV,0
C07,28000001,29000000,0,0,0,0,0,0,0,0,0,0,0,0,0,0,0,0,0,0,no CNV,0
C07,29000001,30000000,0,0,0,0,0,0,0,0,0,0,0,0,0,0,0,0,0,0,no CNV,0
C07,30000001,31000000,0,0,0,0,0,0,0,0,0,0,0,0,0,0,0,0,0,0,no CNV,0
C07,31000001,32000000,0,0,0,0,0,0,gain,0,0,0,gain,0,0,0,0,0,0,0,duplication,2
C07,32000001,33000000,0,0,0,0,0,0,gain,0,0,0,gain,0,0,0,0,0,0,0,duplication,2
C07,33000001,34000000,0,0,0,0,0,0,0,0,0,0,gain,0,0,0,0,0,0,0,duplication,1
C07,34000001,35000000,0,0,0,0,0,0,0,0,0,0,0,0,0,0,0,0,0,0,no CNV,0
C07,35000001,36000000,0,0,0,0,0,0,0,0,0,0,0,0,0,0,0,0,0,0,no CNV,0
C07,36000001,37000000,0,0,0,0,0,0,0,0,0,0,0,0,0,0,0,0,0,0,no CNV,0
C07,37000001,38000000,0,0,0,0,0,0,0,0,0,0,0,0,0,0,0,0,0,0,no CNV,0
C07,38000001,39000000,0,0,0,0,0,0,0,0,0,0,0,0,0,0,0,0,0,0,no CNV,0
C07,39000001,40000000,0,0,0,0,0,0,0,0,0,0,0,0,0,0,0,0,0,0,no CNV,0
C07,40000001,41000000,0,0,0,0,0,0,0,0,0,0,0,0,0,0,0,0,0,0,no CNV,0
C07,41000001,42000000,0,0,0,0,0,0,0,0,0,0,0,0,0,0,0,0,0,0,no CNV,0
C07,42000001,43000000,0,0,0,0,0,0,0,0,0,0,0,0,0,0,0,0,0,0,no CNV,0
C07,43000001,44000000,0,0,0,0,0,0,0,0,0,0,0,0,0,0,0,0,0,0,no CNV,0
C07,44000001,45000000,0,0,0,0,0,0,0,0,0,0,0,0,0,0,0,0,0,0,no CNV,0
C07,45000001,46000000,0,0,0,0,0,0,0,0,0,0,0,0,0,0,0,0,0,0,no CNV,0
C07,46000001,47000000,0,0,0,0,0,0,0,0,0,0,0,0,0,0,0,0,0,0,no CNV,0
C07,47000001,48000000,0,0,0,0,0,0,0,0,0,0,0,0,0,0,0,0,0,0,no CNV,0
C07,48000001,49000000,0,0,0,0,0,0,0,0,0,0,0,0,0,0,0,0,0,0,no CNV,0
C07,49000001,50000000,0,0,0,0,0,0,0,0,0,0,0,0,0,0,0,0,0,0,no CNV,0
C07,50000001,51000000,0,0,0,0,0,0,0,0,0,0,0,0,0,0,0,0,0,0,no CNV,0
C07,51000001,52000000,0,0,0,0,0,0,0,0,0,0,0,0,0,0,0,0,0,0,no CNV,0
C07,52000001,53000000,0,0,0,0,0,0,0,0,0,0,0,0,0,0,0,0,0,0,no CNV,0
C07,53000001,54000000,0,0,0,0,0,0,0,0,0,0,0,0,0,0,0,0,0,0,no CNV,0
C07,54000001,55000000,0,0,0,0,0,0,0,0,0,0,0,0,0,0,0,0,0,0,no CNV,0
C07,55000001,55656957,0,0,0,0,0,0,0,0,0,0,0,0,0,0,0,0,0,0,no CNV,0
C08,1,1000000,0,0,0,0,0,0,0,0,0,0,0,0,0,0,0,0,0,0,no CNV,0
C08,1000001,2000000,0,0,0,0,0,0,0,0,0,0,0,0,0,0,0,0,0,0,no CNV,0
C08,2000001,3000000,0,0,0,0,0,0,0,0,0,0,0,0,0,0,0,0,0,0,no CNV,0
C08,3000001,4000000,0,0,0,0,0,0,0,0,0,0,0,0,0,0,0,0,0,0,no CNV,0
C08,4000001,5000000,0,0,0,0,0,0,0,0,0,0,0,0,0,0,0,0,0,0,no CNV,0
C08,5000001,6000000,0,0,0,0,0,0,0,0,0,0,0,0,0,0,0,0,0,0,no CNV,0
C08,6000001,7000000,0,0,0,0,0,0,0,0,0,0,0,0,0,0,0,0,0,0,no CNV,0
C08,7000001,8000000,0,0,0,0,0,0,0,0,0,0,0,0,0,0,0,0,0,0,no CNV,0
C08,8000001,9000000,0,0,0,0,0,0,0,0,0,0,0,0,0,0,0,0,0,0,no CNV,0
C08,9000001,10000000,0,0,0,0,0,0,0,0,0,0,0,0,0,0,0,0,0,0,no CNV,0
C08,10000001,11000000,0,0,0,0,0,0,0,0,0,0,0,0,0,0,0,0,0,0,no CNV,0
C08,11000001,12000000,0,0,0,0,0,0,0,0,0,0,0,0,0,0,0,0,0,0,no CNV,0
C08,12000001,13000000,0,0,0,0,0,0,0,0,0,0,0,0,0,0,0,0,0,0,no CNV,0
C08,13000001,14000000,0,0,0,0,0,0,0,0,0,0,0,0,0,0,0,0,0,0,no CNV,0
C08,14000001,15000000,0,0,0,0,0,0,0,0,0,0,0,0,0,0,0,0,0,0,no CNV,0
C08,15000001,16000000,0,0,0,0,0,0,0,0,0,0,gain,0,0,0,0,0,0,0,duplication,1
C08,16000001,17000000,0,0,0,0,0,0,0,0,0,0,gain,0,0,0,0,0,0,0,duplication,1
C08,17000001,18000000,0,0,0,0,0,0,0,0,0,0,0,0,0,0,0,0,0,0,no CNV,0
C08,18000001,19000000,0,0,0,0,0,0,0,0,0,0,0,0,0,0,0,0,0,0,no CNV,0
C08,19000001,20000000,0,0,0,0,0,0,0,0,0,0,0,0,0,0,0,0,0,0,no CNV,0
C08,20000001,21000000,0,0,0,0,0,0,0,0,0,0,0,0,0,0,0,0,0,0,no CNV,0
C08,21000001,22000000,0,0,0,0,0,0,0,0,0,0,0,0,0,0,0,0,0,0,no CNV,0
C08,22000001,23000000,0,0,0,0,0,0,0,0,0,0,0,0,0,0,0,0,0,0,no CNV,0
C08,23000001,24000000,0,0,0,0,0,0,0,0,0,0,0,0,0,0,0,0,0,0,no CNV,0
C08,24000001,25000000,0,0,0,0,0,0,0,0,0,0,0,0,0,0,0,0,0,0,no CNV,0
C08,25000001,26000000,0,0,0,0,0,0,0,0,0,0,0,0,0,0,0,0,0,0,no CNV,0
C08,26000001,27000000,0,0,0,0,0,0,0,0,0,0,0,0,0,0,0,0,0,0,no CNV,0
C08,27000001,28000000,0,0,0,0,0,0,0,0,0,0,0,0,0,0,0,0,0,0,no CNV,0
C08,28000001,29000000,0,0,0,0,0,0,0,0,0,0,0,0,0,0,0,0,0,0,no CNV,0
C08,29000001,30000000,0,0,0,0,0,0,0,0,0,0,0,0,0,0,0,0,0,0,no CNV,0
C08,30000001,31000000,0,0,0,0,0,0,0,0,0,0,0,0,0,0,0,0,0,gain,duplication,1
C08,31000001,32000000,0,0,0,0,0,0,0,0,0,0,0,0,0,0,0,0,0,gain,duplication,1
C08,32000001,33000000,0,0,0,0,0,0,0,0,0,0,0,0,0,0,0,0,0,gain,duplication,1
C08,33000001,34000000,0,miss,miss,miss,miss,0,0,0,miss,miss,0,miss,miss,miss,0,0,miss,gain,dup/del,11
C08,34000001,35000000,0,miss,miss,miss,miss,0,0,0,miss,miss,0,miss,miss,miss,dup,0,miss,0,dup/del,11
C08,35000001,36000000,0,miss,miss,miss,miss,0,miss,0,miss,miss,0,miss,miss,miss,dup,0,miss,0,dup/del,12
C08,36000001,37000000,0,miss,miss,miss,miss,0,miss,0,0,miss,0,miss,miss,miss,dup,0,miss,0,dup/del,11
C08,37000001,38000000,0,miss,miss,miss,miss,0,miss,0,0,miss,0,miss,miss,miss,dup,0,miss,0,dup/del,11
C08,38000001,39000000,0,miss,miss,miss,miss,0,miss,0,0,miss,miss,miss,miss,miss,dup,0,miss,0,dup/del,12
C08,39000001,40000000,0,miss,miss,miss,miss,0,miss,0,0,miss,miss,miss,miss,miss,dup,0,miss,0,dup/del,12
C08,40000001,41000000,0,miss,miss,miss,miss,0,miss,0,0,miss,miss,miss,miss,miss,dup,0,miss,gain,dup/del,13
C08,41000001,41681856,0,miss,miss,miss,miss,0,miss,0,0,miss,0,0,miss,0,dup,0,miss,gain,dup/del,10
C09,1,1000000,0,0,0,miss,gain,0,0,0,0,miss,0,0,miss,0,gain,0,0,0,dup/del,5
C09,1000001,2000000,0,0,0,miss,gain,0,0,0,0,miss,0,0,miss,0,gain,0,0,0,dup/del,5
C09,2000001,3000000,0,0,0,miss,gain,0,0,0,0,miss,0,0,miss,0,gain,0,0,0,dup/del,5
C09,3000001,4000000,0,0,0,0,gain,0,0,0,0,miss,0,0,miss,0,gain,0,0,0,dup/del,4
C09,4000001,5000000,0,0,0,0,gain,0,0,0,0,miss,0,0,miss,0,gain,0,0,0,dup/del,4
C09,5000001,6000000,0,0,0,0,gain,0,0,0,0,miss,0,0,miss,0,gain,0,0,0,dup/del,4
C09,6000001,7000000,0,0,0,0,gain,0,0,0,0,miss,0,0,miss,0,gain,0,0,0,dup/del,4
C09,7000001,8000000,0,0,0,0,gain,0,0,0,0,miss,0,0,miss,0,gain,0,0,0,dup/del,4
C09,8000001,9000000,0,0,0,0,gain,0,0,0,0,miss,0,0,miss,0,gain,0,0,0,dup/del,4
C09,9000001,10000000,0,0,0,0,gain,0,0,0,0,miss,0,0,0,0,gain,0,0,0,dup/del,3
C09,10000001,11000000,0,0,0,0,gain,0,0,0,0,miss,0,0,0,0,gain,0,0,0,dup/del,3
C09,11000001,12000000,0,0,0,0,0,0,0,0,0,miss,0,0,0,0,gain,0,0,0,dup/del,2
C09,12000001,13000000,0,0,0,0,0,0,0,0,0,miss,0,0,0,0,gain,0,0,0,dup/del,2
C09,13000001,14000000,0,0,0,0,0,0,0,0,0,miss,0,0,0,0,gain,0,0,0,dup/del,2
C09,14000001,15000000,0,0,0,0,0,0,0,0,0,miss,0,0,0,0,gain,0,0,0,dup/del,2
C09,15000001,16000000,0,0,0,0,0,0,0,0,0,miss,0,0,0,0,gain,0,0,0,dup/del,2
C09,16000001,17000000,0,0,0,0,0,0,0,0,0,miss,0,0,0,0,0,0,0,0,deletion,1
C09,17000001,18000000,0,0,0,0,0,0,0,0,0,miss,0,0,0,0,0,0,0,0,deletion,1
C09,18000001,19000000,0,0,0,0,0,0,0,0,0,miss,0,0,0,0,0,0,0,0,deletion,1
C09,19000001,20000000,0,0,0,0,0,0,0,0,0,miss,0,0,0,0,0,0,0,0,deletion,1
C09,20000001,21000000,0,0,0,0,0,0,0,0,0,miss,0,0,0,0,0,0,0,0,deletion,1
C09,21000001,22000000,0,0,0,0,0,0,0,0,0,miss,0,0,0,0,0,0,0,0,deletion,1
C09,22000001,23000000,0,0,0,0,0,0,0,0,0,miss,0,0,0,0,0,0,0,0,deletion,1
C09,23000001,24000000,0,0,0,0,0,0,0,0,0,miss,0,0,0,0,0,0,0,0,deletion,1
C09,24000001,25000000,0,0,0,0,0,0,0,0,0,miss,0,0,0,0,0,0,0,0,deletion,1
C09,25000001,26000000,0,0,0,0,0,0,0,0,0,miss,0,0,0,0,0,0,0,0,deletion,1
C09,26000001,27000000,0,0,0,0,0,0,0,0,0,miss,0,0,0,0,0,0,0,0,deletion,1
C09,27000001,28000000,0,0,0,0,0,0,0,0,0,miss,0,0,0,0,0,0,0,0,deletion,1
C09,28000001,29000000,0,0,0,0,0,0,0,0,0,miss,0,0,0,0,0,0,0,0,deletion,1
C09,29000001,30000000,0,gain,0,0,0,0,0,0,0,miss,0,0,gain,0,0,0,0,0,dup/del,3
C09,30000001,31000000,0,gain,0,0,0,0,0,0,0,miss,gain,0,gain,0,0,0,0,0,dup/del,4
C09,31000001,32000000,0,gain,0,0,0,0,0,0,0,miss,gain,0,gain,0,0,0,0,0,dup/del,4
C09,32000001,33000000,0,gain,0,0,0,0,0,0,0,miss,0,0,gain,0,0,0,0,0,dup/del,3
C09,33000001,34000000,0,gain,0,0,0,0,0,0,0,miss,0,0,gain,0,0,0,0,0,dup/del,3
C09,34000001,35000000,0,0,0,0,0,0,0,0,0,miss,0,0,gain,0,0,0,0,0,dup/del,2
C09,35000001,36000000,0,gain,0,0,0,0,0,0,0,miss,0,0,gain,0,0,gain,0,0,dup/del,4
C09,36000001,37000000,0,gain,0,0,0,0,0,0,0,miss,gain,0,gain,0,0,gain,0,0,dup/del,5
C09,37000001,38000000,0,gain,0,0,0,0,0,0,0,miss,gain,0,gain,0,0,gain,0,0,dup/del,5
C09,38000001,39000000,0,gain,0,0,0,0,0,0,0,miss,gain,0,gain,0,0,gain,0,0,dup/del,5
C09,39000001,40000000,0,0,0,0,0,0,0,0,0,miss,0,0,0,0,0,0,0,0,deletion,1
C09,40000001,41000000,0,0,0,0,0,0,0,0,0,miss,0,0,0,0,0,0,0,0,deletion,1
C09,41000001,42000000,0,0,0,0,0,0,0,0,0,miss,0,0,0,0,0,0,0,0,deletion,1
C09,42000001,43000000,0,0,0,0,0,0,0,0,0,miss,0,0,0,0,0,0,0,0,deletion,1
C09,43000001,44000000,0,0,0,0,0,0,0,0,0,miss,0,0,0,0,0,0,0,0,deletion,1
C09,44000001,45000000,0,0,0,0,0,0,0,0,0,miss,0,0,0,0,0,0,0,0,deletion,1
C09,45000001,46000000,0,0,0,0,0,0,0,0,0,miss,0,0,0,0,0,0,0,0,deletion,1
C09,46000001,47000000,0,0,0,0,0,0,0,0,0,miss,0,0,0,0,0,0,0,0,deletion,1
C09,47000001,48000000,0,0,0,0,0,0,0,0,0,miss,0,0,0,0,0,0,0,0,deletion,1
C09,48000001,49000000,0,0,0,0,0,0,0,0,0,miss,0,0,0,0,0,0,0,0,deletion,1
C09,49000001,50000000,0,0,0,0,0,0,0,0,0,miss,0,0,0,0,0,miss,0,0,deletion,2
C09,50000001,51000000,0,0,0,0,0,0,0,0,0,miss,0,0,0,0,0,miss,0,0,deletion,2
C09,51000001,52000000,0,0,0,0,0,0,0,0,0,miss,0,0,0,0,0,miss,0,0,deletion,2
C09,52000001,53000000,0,0,0,0,0,0,0,0,0,miss,0,0,0,0,0,miss,0,0,deletion,2
C09,53000001,54000000,0,0,0,0,0,0,0,0,0,miss,0,0,0,0,0,miss,0,0,deletion,2
C09,54000001,55000000,0,0,0,0,0,0,0,0,0,miss,0,0,0,0,0,miss,0,0,deletion,2
C09,55000001,56000000,0,0,0,0,0,0,0,0,0,miss,0,0,0,0,0,miss,0,0,deletion,2
C09,56000001,57000000,0,0,0,0,0,0,0,0,0,miss,0,0,0,0,0,miss,0,0,deletion,2
C09,57000001,58000000,0,0,0,0,0,0,0,0,0,miss,0,0,0,0,0,miss,0,0,deletion,2
C09,58000001,59000000,0,0,0,0,0,0,0,0,0,miss,0,0,0,0,0,miss,0,0,deletion,2
C09,59000001,60000000,0,0,0,gain,dup,gain,0,0,gain,miss,0,gain,gain,gain,0,miss,gain,0,dup/del,10
C09,60000001,61000000,0,0,0,gain,dup,gain,0,0,gain,0,0,gain,gain,gain,0,0,gain,0,duplication,8
C09,61000001,62000000,0,0,0,gain,dup,gain,0,0,gain,0,0,gain,gain,gain,0,0,gain,0,duplication,8
C09,62000001,63000000,0,0,0,gain,dup,gain,0,0,gain,gain,gain,gain,gain,gain,0,gain,gain,0,duplication,11
C09,63000001,64000000,0,0,0,gain,dup,gain,0,0,gain,gain,gain,gain,gain,gain,gain,gain,gain,0,duplication,12
C09,64000001,65000000,0,0,0,gain,dup,gain,0,0,gain,gain,gain,gain,gain,gain,gain,gain,gain,0,duplication,12
C09,65000001,66000000,del,del,del,del,del,del,del,del,del,del,del,del,del,del,del,del,del,del,deletion,18
C09,66000001,66465249,del,del,del,del,del,del,del,del,del,del,del,del,del,del,del,del,del,del,deletion,18
